20200624_09-34-48-177_sgm00001.jpg,4,4.724719
20200624_09-34-48-177_sgm00002.jpg,3,3.089778
20200624_09-34-48-177_sgm00003.jpg,3,3.214963
20200624_09-34-48-177_sgm00004.jpg,4,4.149503
20200624_09-34-48-177_sgm00005.jpg,3,3.698791
20200624_09-34-48-177_sgm00006.jpg,3,3.46368
20200624_09-34-48-177_sgm00007.jpg,3,3.240901
20200624_09-34-48-177_sgm00008.jpg,3,3.663417
20200624_09-34-48-177_sgm00009.jpg,2,2.909994
20200624_09-34-48-177_sgm00010.jpg,2,2.498996
20200624_09-34-48-177_sgm00011.jpg,2,2.60235
20200624_09-34-48-177_sgm00012.jpg,2,2.658245
20200624_09-34-48-177_sgm00013.jpg,2,2.799231
20200624_09-34-48-177_sgm00014.jpg,3,3.513328
20200624_09-34-48-177_sgm00015.jpg,3,3.058267
20200624_09-34-48-177_sgm00016.jpg,4,4.277328
20200624_09-34-48-177_sgm00017.jpg,3,3.45415
20200624_09-34-48-177_sgm00018.jpg,3,3.472255
20200624_09-34-48-177_sgm00019.jpg,4,4.023708
20200624_09-34-48-177_sgm00020.jpg,3,3.860322
20200624_09-34-48-177_sgm00021.jpg,3,3.49221
20200624_09-34-48-177_sgm00022.jpg,3,3.803039
20200624_09-34-48-177_sgm00023.jpg,4,4.312298
20200624_09-34-48-177_sgm00024.jpg,4,4.011894
20200624_09-34-48-177_sgm00025.jpg,3,3.667631
20200624_09-34-48-177_sgm00026.jpg,3,3.27091
20200624_09-34-48-177_sgm00027.jpg,3,3.651175
20200624_09-34-48-177_sgm00028.jpg,2,2.567391
20200624_09-34-48-177_sgm00029.jpg,4,4.239223
20200624_09-34-48-177_sgm00030.jpg,4,5.176882
20200624_09-34-48-177_sgm00031.jpg,3,3.413474
20200624_09-34-48-177_sgm00032.jpg,4,4.324783
20200624_09-34-48-177_sgm00033.jpg,3,3.860107
20200624_09-34-48-177_sgm00034.jpg,3,3.467705
20200624_09-34-48-177_sgm00035.jpg,3,3.981818
20200624_09-34-48-177_sgm00036.jpg,3,3.947771
20200624_09-34-48-177_sgm00037.jpg,4,4.292979
20200624_09-34-48-177_sgm00038.jpg,4,4.830411
20200624_09-34-48-177_sgm00039.jpg,4,5.065079
20200624_09-34-48-177_sgm00040.jpg,4,4.619341
20200624_09-34-48-177_sgm00041.jpg,3,3.482752
20200624_09-34-48-177_sgm00042.jpg,4,4.853454
20200624_09-34-48-177_sgm00043.jpg,4,4.158491
20200624_09-34-48-177_sgm00044.jpg,4,4.055575
20200624_09-34-48-177_sgm00045.jpg,4,5.08989
20200624_09-34-48-177_sgm00046.jpg,4,4.38393
20200624_09-34-48-177_sgm00047.jpg,3,3.487687
20200624_09-34-48-177_sgm00048.jpg,4,4.478643
20200624_09-34-48-177_sgm00049.jpg,4,5.067683
20200624_09-34-48-177_sgm00050.jpg,4,4.835827
20200624_09-34-48-177_sgm00051.jpg,4,4.675377
20200624_09-34-48-177_sgm00052.jpg,3,3.84046
20200624_09-34-48-177_sgm00053.jpg,4,4.160159
20200624_09-34-48-177_sgm00054.jpg,4,4.054118
20200624_09-34-48-177_sgm00055.jpg,4,4.08582
20200624_09-34-48-177_sgm00056.jpg,3,3.595314
20200624_09-34-48-177_sgm00057.jpg,3,3.135814
20200624_09-34-48-177_sgm00058.jpg,3,3.422965
20200624_09-34-48-177_sgm00059.jpg,3,3.412717
20200624_09-34-48-177_sgm00060.jpg,4,4.499366
20200624_09-34-48-177_sgm00061.jpg,3,3.963356
20200624_09-34-48-177_sgm00062.jpg,3,3.03204
20200624_09-34-48-177_sgm00063.jpg,3,3.802273
20200624_09-34-48-177_sgm00064.jpg,4,4.256993
20200624_09-34-48-177_sgm00065.jpg,3,3.567274
20200624_09-34-48-177_sgm00066.jpg,2,2.997016
20200624_09-34-48-177_sgm00067.jpg,3,3.108148
20200624_09-34-48-177_sgm00068.jpg,3,3.229063
20200624_09-34-48-177_sgm00069.jpg,3,3.65785
20200624_09-34-48-177_sgm00070.jpg,4,4.382771
20200624_09-34-48-177_sgm00071.jpg,3,3.879787
20200624_09-34-48-177_sgm00072.jpg,3,3.927833
20200624_09-34-48-177_sgm00073.jpg,2,2.868238
20200624_09-34-48-177_sgm00074.jpg,3,3.426374
20200624_09-34-48-177_sgm00075.jpg,3,3.446227
20200624_09-34-48-177_sgm00076.jpg,2,2.598232
20200624_09-34-48-177_sgm00077.jpg,3,3.560545
20200624_09-34-48-177_sgm00078.jpg,4,4.138212
20200624_09-34-48-177_sgm00079.jpg,4,4.782312
20200624_09-34-48-177_sgm00080.jpg,2,2.120406
20200624_09-34-48-177_sgm00081.jpg,4,4.722095
20200624_09-34-48-177_sgm00082.jpg,4,4.300715
20200624_09-34-48-177_sgm00083.jpg,3,3.803212
20200624_09-34-48-177_sgm00084.jpg,3,3.470991
20200624_09-34-48-177_sgm00085.jpg,3,3.260214
20200624_09-34-48-177_sgm00086.jpg,3,3.485331
20200624_09-34-48-177_sgm00087.jpg,3,3.514048
20200624_09-34-48-177_sgm00088.jpg,4,4.814764
20200624_09-34-48-177_sgm00089.jpg,4,4.631805
20200624_09-34-48-177_sgm00090.jpg,4,4.968582
20200624_09-34-48-177_sgm00091.jpg,4,4.602212
20200624_09-34-48-177_sgm00092.jpg,3,3.725797
20200624_09-34-48-177_sgm00093.jpg,3,3.953681
20200624_09-34-48-177_sgm00094.jpg,2,2.927429
20200624_09-34-48-177_sgm00095.jpg,3,3.316076
20200624_09-34-48-177_sgm00096.jpg,3,3.183244
20200624_09-34-48-177_sgm00097.jpg,3,3.837121
20200624_09-34-48-177_sgm00098.jpg,3,3.00801
20200624_09-34-48-177_sgm00099.jpg,3,3.881691
20200624_09-34-48-177_sgm00100.jpg,2,2.304502
20200624_09-34-48-177_sgm00101.jpg,2,2.452735
20200624_09-34-48-177_sgm00102.jpg,3,3.707583
20200624_09-34-48-177_sgm00103.jpg,3,3.586937
20200624_09-34-48-177_sgm00104.jpg,2,2.999921
20200624_09-34-48-177_sgm00105.jpg,3,3.693017
20200624_09-34-48-177_sgm00106.jpg,4,4.235668
20200624_09-34-48-177_sgm00107.jpg,3,3.50826
20200624_09-34-48-177_sgm00108.jpg,3,3.429719
20200624_09-34-48-177_sgm00109.jpg,3,3.331701
20200624_09-34-48-177_sgm00110.jpg,3,3.839806
20200624_09-34-48-177_sgm00111.jpg,2,2.872915
20200624_09-34-48-177_sgm00112.jpg,3,3.530317
20200624_09-34-48-177_sgm00113.jpg,3,3.491176
20200624_09-34-48-177_sgm00114.jpg,2,2.76808
20200624_09-34-48-177_sgm00115.jpg,3,3.874715
20200624_09-34-48-177_sgm00116.jpg,3,3.280692
20200624_09-34-48-177_sgm00117.jpg,3,3.927548
20200624_09-34-48-177_sgm00118.jpg,3,3.031681
20200624_09-34-48-177_sgm00119.jpg,3,3.129266
20200624_09-34-48-177_sgm00120.jpg,3,3.082487
20200624_09-34-48-177_sgm00121.jpg,2,2.80286
20200624_09-34-48-177_sgm00122.jpg,2,2.980247
20200624_09-34-48-177_sgm00123.jpg,4,4.377457
20200624_09-34-48-177_sgm00124.jpg,4,4.013838
20200624_09-34-48-177_sgm00125.jpg,4,4.06771
20200624_09-34-48-177_sgm00126.jpg,3,3.667678
20200624_09-34-48-177_sgm00127.jpg,4,4.406445
20200624_09-34-48-177_sgm00128.jpg,3,3.687809
20200624_09-34-48-177_sgm00129.jpg,3,3.974343
20200624_09-34-48-177_sgm00130.jpg,3,3.476608
20200624_09-34-48-177_sgm00131.jpg,3,3.0003
20200624_09-34-48-177_sgm00132.jpg,3,3.021922
20200624_09-34-48-177_sgm00133.jpg,2,2.527195
20200624_09-34-48-177_sgm00134.jpg,3,3.544626
20200624_09-34-48-177_sgm00135.jpg,3,3.293004
20200624_09-34-48-177_sgm00136.jpg,3,3.837754
20200624_09-34-48-177_sgm00137.jpg,3,3.376743
20200624_09-34-48-177_sgm00138.jpg,4,4.240335
20200624_09-34-48-177_sgm00139.jpg,3,3.486691
20200624_09-34-48-177_sgm00140.jpg,3,3.618752
20200624_09-34-48-177_sgm00141.jpg,3,3.675894
20200624_09-34-48-177_sgm00142.jpg,4,4.018652
20200624_09-34-48-177_sgm00143.jpg,4,4.349013
20200624_09-34-48-177_sgm00144.jpg,4,4.043643
20200624_09-34-48-177_sgm00145.jpg,3,3.587552
20200624_09-34-48-177_sgm00146.jpg,3,3.423698
20200624_09-34-48-177_sgm00147.jpg,3,3.241999
20200624_09-34-48-177_sgm00148.jpg,3,3.723836
20200624_09-34-48-177_sgm00149.jpg,4,4.805096
20200624_09-34-48-177_sgm00150.jpg,3,3.938285
20200624_09-34-48-177_sgm00151.jpg,3,3.121547
20200624_09-34-48-177_sgm00152.jpg,4,4.25693
20200624_09-34-48-177_sgm00153.jpg,3,3.917809
20200624_09-34-48-177_sgm00154.jpg,3,3.358829
20200624_09-34-48-177_sgm00155.jpg,4,4.464677
20200624_09-34-48-177_sgm00156.jpg,3,3.597363
20200624_09-34-48-177_sgm00157.jpg,3,3.643169
20200624_09-34-48-177_sgm00158.jpg,2,2.896845
20200624_09-34-48-177_sgm00159.jpg,2,2.46595
20200624_09-34-48-177_sgm00160.jpg,3,3.841434
20200624_09-34-48-177_sgm00161.jpg,3,3.239454
20200624_09-34-48-177_sgm00162.jpg,4,4.290772
20200624_09-34-48-177_sgm00163.jpg,3,3.388623
20200624_09-34-48-177_sgm00164.jpg,3,3.702121
20200624_09-34-48-177_sgm00165.jpg,2,2.547554
20200624_09-34-48-177_sgm00166.jpg,2,2.726712
20200624_09-34-48-177_sgm00167.jpg,3,3.765412
20200624_09-34-48-177_sgm00168.jpg,3,3.373035
20200624_09-34-48-177_sgm00169.jpg,4,4.1895
20200624_09-34-48-177_sgm00170.jpg,3,3.087914
20200624_09-34-48-177_sgm00171.jpg,3,3.37411
20200624_09-34-48-177_sgm00172.jpg,3,3.415217
20200624_09-34-48-177_sgm00173.jpg,4,4.732029
20200624_09-34-48-177_sgm00174.jpg,4,4.480702
20200624_09-34-48-177_sgm00175.jpg,4,4.322552
20200624_09-34-48-177_sgm00176.jpg,2,2.914734
20200624_09-34-48-177_sgm00177.jpg,4,4.298864
20200624_09-34-48-177_sgm00178.jpg,4,4.985774
20200624_09-34-48-177_sgm00179.jpg,4,5.778613
20200624_09-34-48-177_sgm00180.jpg,4,4.613722
20200624_09-34-48-177_sgm00181.jpg,3,3.866033
20200624_09-34-48-177_sgm00182.jpg,3,3.827234
20200624_09-34-48-177_sgm00183.jpg,3,3.589547
20200624_09-34-48-177_sgm00184.jpg,3,3.399883
20200624_09-34-48-177_sgm00185.jpg,4,4.915927
20200624_09-34-48-177_sgm00186.jpg,3,3.834941
20200624_09-34-48-177_sgm00187.jpg,5,7.182203
20200624_09-34-48-177_sgm00188.jpg,4,4.684472
20200624_09-34-48-177_sgm00189.jpg,3,3.585967
20200624_09-34-48-177_sgm00190.jpg,4,4.857775
20200624_09-34-48-177_sgm00191.jpg,5,6.527126
20200624_09-34-48-177_sgm00192.jpg,4,5.478987
20200624_09-34-48-177_sgm00193.jpg,4,5.379636
20200624_09-34-48-177_sgm00194.jpg,5,7.306955
20200624_09-34-48-177_sgm00195.jpg,4,4.301227
20200624_09-34-48-177_sgm00196.jpg,4,4.847309
20200624_09-34-48-177_sgm00197.jpg,3,3.8042
20200624_09-34-48-177_sgm00198.jpg,4,5.01277
20200624_09-34-48-177_sgm00199.jpg,4,5.309162
20200624_09-34-48-177_sgm00200.jpg,4,4.967163
20200624_09-34-48-177_sgm00201.jpg,5,6.562302
20200624_09-34-48-177_sgm00202.jpg,4,5.818847
20200624_09-34-48-177_sgm00203.jpg,4,5.413651
20200624_09-34-48-177_sgm00204.jpg,4,5.387618
20200624_09-34-48-177_sgm00205.jpg,4,5.318358
20200624_09-34-48-177_sgm00206.jpg,5,7.31178
20200624_09-34-48-177_sgm00207.jpg,5,6.511057
20200624_09-34-48-177_sgm00208.jpg,4,5.078311
20200624_09-34-48-177_sgm00209.jpg,5,6.434672
20200624_09-34-48-177_sgm00210.jpg,4,5.315187
20200624_09-34-48-177_sgm00211.jpg,4,4.386267
20200624_09-34-48-177_sgm00212.jpg,4,5.501361
20200624_09-34-48-177_sgm00213.jpg,5,7.409922
20200624_09-34-48-177_sgm00214.jpg,4,4.47321
20200624_09-34-48-177_sgm00215.jpg,4,4.165473
20200624_09-34-48-177_sgm00216.jpg,4,5.23193
20200624_09-34-48-177_sgm00217.jpg,4,5.219292
20200624_09-34-48-177_sgm00218.jpg,4,5.051305
20200624_09-34-48-177_sgm00219.jpg,4,4.280999
20200624_09-34-48-177_sgm00220.jpg,4,4.942327
20200624_09-34-48-177_sgm00221.jpg,4,4.739361
20200624_09-34-48-177_sgm00222.jpg,4,4.691022
20200624_09-34-48-177_sgm00223.jpg,4,4.555405
20200624_09-34-48-177_sgm00224.jpg,4,4.509131
20200624_09-34-48-177_sgm00225.jpg,4,4.245909
20200624_09-34-48-177_sgm00226.jpg,4,4.465084
20200624_09-34-48-177_sgm00227.jpg,4,4.355431
20200624_09-34-48-177_sgm00228.jpg,3,3.797615
20200624_09-34-48-177_sgm00229.jpg,4,5.261374
20200624_09-34-48-177_sgm00230.jpg,4,5.222445
20200624_09-34-48-177_sgm00231.jpg,4,4.973384
20200624_09-34-48-177_sgm00232.jpg,3,3.72235
20200624_09-34-48-177_sgm00233.jpg,3,3.86685
20200624_09-34-48-177_sgm00234.jpg,4,4.224641
20200624_09-34-48-177_sgm00235.jpg,3,3.747116
20200624_09-34-48-177_sgm00236.jpg,4,4.679108
20200624_09-34-48-177_sgm00237.jpg,3,3.795403
20200624_09-34-48-177_sgm00238.jpg,4,4.363395
20200624_09-34-48-177_sgm00239.jpg,4,5.472216
20200624_09-34-48-177_sgm00240.jpg,4,4.424373
20200624_09-34-48-177_sgm00241.jpg,4,4.085602
20200624_09-34-48-177_sgm00242.jpg,3,3.121021
20200624_09-34-48-177_sgm00243.jpg,3,3.899787
20200624_09-34-48-177_sgm00244.jpg,2,2.667638
20200624_09-34-48-177_sgm00245.jpg,3,3.623998
20200624_09-34-48-177_sgm00246.jpg,2,2.996779
20200624_09-34-48-177_sgm00247.jpg,3,3.377205
20200624_09-34-48-177_sgm00248.jpg,3,3.411104
20200624_09-34-48-177_sgm00249.jpg,4,4.000799
20200624_09-34-48-177_sgm00250.jpg,3,3.051214
20200624_09-34-48-177_sgm00251.jpg,2,2.941358
20200624_09-34-48-177_sgm00252.jpg,3,3.329685
20200624_09-34-48-177_sgm00253.jpg,3,3.591068
20200624_09-34-48-177_sgm00254.jpg,3,3.985029
20200624_09-34-48-177_sgm00255.jpg,3,3.704289
20200624_09-34-48-177_sgm00256.jpg,3,3.654031
20200624_09-34-48-177_sgm00257.jpg,3,3.531989
20200624_09-34-48-177_sgm00258.jpg,2,2.566045
20200624_09-34-48-177_sgm00259.jpg,4,4.108918
20200624_09-34-48-177_sgm00260.jpg,4,5.799212
20200624_09-34-48-177_sgm00261.jpg,4,4.858225
20200624_09-34-48-177_sgm00262.jpg,3,3.750775
20200624_09-34-48-177_sgm00263.jpg,3,3.444343
20200624_09-34-48-177_sgm00264.jpg,3,3.390424
20200624_09-34-48-177_sgm00265.jpg,3,3.034134
20200624_09-34-48-177_sgm00266.jpg,3,3.289507
20200624_09-34-48-177_sgm00267.jpg,2,2.758958
20200624_09-34-48-177_sgm00268.jpg,3,3.798723
20200624_09-34-48-177_sgm00269.jpg,3,3.735536
20200624_09-34-48-177_sgm00270.jpg,3,3.852543
20200624_09-34-48-177_sgm00271.jpg,3,3.931808
20200624_09-34-48-177_sgm00272.jpg,2,2.984859
20200624_09-34-48-177_sgm00273.jpg,3,3.073864
20200624_09-34-48-177_sgm00274.jpg,3,3.142918
20200624_09-34-48-177_sgm00275.jpg,4,4.133842
20200624_09-34-48-177_sgm00276.jpg,3,3.140855
20200624_09-34-48-177_sgm00277.jpg,3,3.186332
20200624_09-34-48-177_sgm00278.jpg,3,3.999038
20200624_09-34-48-177_sgm00279.jpg,4,4.454083
20200624_09-34-48-177_sgm00280.jpg,4,4.681843
20200624_09-34-48-177_sgm00281.jpg,3,3.491438
20200624_09-34-48-177_sgm00282.jpg,3,3.382308
20200624_09-34-48-177_sgm00283.jpg,3,3.092059
20200624_09-34-48-177_sgm00284.jpg,3,3.669267
20200624_09-34-48-177_sgm00285.jpg,3,3.733457
20200624_09-34-48-177_sgm00286.jpg,3,3.542565
20200624_09-34-48-177_sgm00287.jpg,2,2.721475
20200624_09-34-48-177_sgm00288.jpg,4,4.581728
20200624_09-34-48-177_sgm00289.jpg,3,3.675704
20200624_09-34-48-177_sgm00290.jpg,4,4.221679
20200624_09-34-48-177_sgm00291.jpg,3,3.774195
20200624_09-34-48-177_sgm00292.jpg,4,4.183275
20200624_09-34-48-177_sgm00293.jpg,4,5.000283
20200624_09-34-48-177_sgm00294.jpg,4,4.795658
20200624_09-34-48-177_sgm00295.jpg,3,3.520838
20200624_09-34-48-177_sgm00296.jpg,4,4.486656
20200624_09-34-48-177_sgm00297.jpg,3,3.456309
20200624_09-34-48-177_sgm00298.jpg,4,4.223886
20200624_09-34-48-177_sgm00299.jpg,3,3.695927
20200624_09-34-48-177_sgm00300.jpg,3,3.32122
20200624_09-34-48-177_sgm00301.jpg,3,3.42619
20200624_09-34-48-177_sgm00302.jpg,4,4.797056
20200624_09-34-48-177_sgm00303.jpg,3,3.358688
20200624_09-34-48-177_sgm00304.jpg,3,3.908321
20200624_09-34-48-177_sgm00305.jpg,3,3.551634
20200624_09-34-48-177_sgm00306.jpg,2,2.897004
20200624_09-34-48-177_sgm00307.jpg,3,3.94752
20200624_09-34-48-177_sgm00308.jpg,3,3.560895
20200624_09-34-48-177_sgm00309.jpg,4,4.305665
20200624_09-34-48-177_sgm00310.jpg,3,3.427752
20200624_09-34-48-177_sgm00311.jpg,3,3.932407
20200624_09-34-48-177_sgm00312.jpg,4,4.059347
20200624_09-34-48-177_sgm00313.jpg,3,3.777231
20200624_09-34-48-177_sgm00314.jpg,3,3.399999
20200624_09-34-48-177_sgm00315.jpg,4,4.053479
20200624_09-34-48-177_sgm00316.jpg,3,3.806598
20200624_09-34-48-177_sgm00317.jpg,4,4.070597
20200624_09-34-48-177_sgm00318.jpg,4,4.483664
20200624_09-34-48-177_sgm00319.jpg,4,4.509493
20200624_09-34-48-177_sgm00320.jpg,4,4.375372
20200624_09-34-48-177_sgm00321.jpg,3,3.263897
20200624_09-34-48-177_sgm00322.jpg,4,4.313533
20200624_09-34-48-177_sgm00323.jpg,4,5.375144
20200624_09-34-48-177_sgm00324.jpg,3,3.021521
20200624_09-34-48-177_sgm00325.jpg,4,4.758354
20200624_09-34-48-177_sgm00326.jpg,4,5.330461
20200624_09-34-48-177_sgm00327.jpg,3,3.630609
20200624_09-34-48-177_sgm00328.jpg,4,4.338444
20200624_09-34-48-177_sgm00329.jpg,3,3.554081
20200624_09-34-48-177_sgm00330.jpg,3,3.292153
20200624_09-34-48-177_sgm00331.jpg,3,3.198664
20200624_09-34-48-177_sgm00332.jpg,3,3.984848
20200624_09-34-48-177_sgm00333.jpg,3,3.802245
20200624_09-34-48-177_sgm00334.jpg,4,5.034837
20200624_09-34-48-177_sgm00335.jpg,3,3.21884
20200624_09-34-48-177_sgm00336.jpg,3,3.846199
20200624_09-34-48-177_sgm00337.jpg,3,3.276111
20200624_09-34-48-177_sgm00338.jpg,3,3.683179
20200624_09-34-48-177_sgm00339.jpg,4,5.314383
20200624_09-34-48-177_sgm00340.jpg,4,5.00947
20200624_09-34-48-177_sgm00341.jpg,3,3.985315
20200624_09-34-48-177_sgm00342.jpg,4,5.678325
20200624_09-34-48-177_sgm00343.jpg,4,4.235399
20200624_09-34-48-177_sgm00344.jpg,4,5.419146
20200624_09-34-48-177_sgm00345.jpg,4,5.330925
20200624_09-34-48-177_sgm00346.jpg,4,4.397254
20200624_09-34-48-177_sgm00347.jpg,3,3.52709
20200624_09-34-48-177_sgm00348.jpg,3,3.899159
20200624_09-34-48-177_sgm00349.jpg,3,3.561404
20200624_09-34-48-177_sgm00350.jpg,4,4.257649
20200624_09-34-48-177_sgm00351.jpg,3,3.283858
20200624_09-34-48-177_sgm00352.jpg,4,5.262
20200624_09-34-48-177_sgm00353.jpg,4,5.478427
20200624_09-34-48-177_sgm00354.jpg,3,3.631883
20200624_09-34-48-177_sgm00355.jpg,4,4.748269
20200624_09-34-48-177_sgm00356.jpg,3,3.376526
20200624_09-34-48-177_sgm00357.jpg,2,2.833794
20200624_09-34-48-177_sgm00358.jpg,4,4.33809
20200624_09-34-48-177_sgm00359.jpg,3,3.699696
20200624_09-34-48-177_sgm00360.jpg,2,2.660182
20200624_09-34-48-177_sgm00361.jpg,3,3.360294
20200624_09-34-48-177_sgm00362.jpg,3,3.307773
20200624_09-34-48-177_sgm00363.jpg,2,2.953429
20200624_09-34-48-177_sgm00364.jpg,4,4.514663
20200624_09-34-48-177_sgm00365.jpg,2,2.449058
20200624_09-34-48-177_sgm00366.jpg,4,4.048169
20200624_09-34-48-177_sgm00367.jpg,2,2.690369
20200624_09-34-48-177_sgm00368.jpg,2,2.856379
20200624_09-34-48-177_sgm00369.jpg,2,2.461378
20200624_09-34-48-177_sgm00370.jpg,3,3.786993
20200624_09-34-48-177_sgm00371.jpg,4,4.961297
20200624_09-34-48-177_sgm00372.jpg,2,2.549901
20200624_09-34-48-177_sgm00373.jpg,2,2.69316
20200624_09-34-48-177_sgm00374.jpg,3,3.349403
20200624_09-34-48-177_sgm00375.jpg,4,4.894542
20200624_09-34-48-177_sgm00376.jpg,3,3.151601
20200624_09-34-48-177_sgm00377.jpg,3,3.326245
20200624_09-34-48-177_sgm00378.jpg,2,2.651909
20200624_09-34-48-177_sgm00379.jpg,4,4.47795
20200624_09-34-48-177_sgm00380.jpg,4,4.579588
20200624_09-34-48-177_sgm00381.jpg,4,4.318411
20200624_09-34-48-177_sgm00382.jpg,5,6.104232
20200624_09-34-48-177_sgm00383.jpg,6,9.294735
20200624_09-34-48-177_sgm00384.jpg,6,9.234756
20200624_09-34-48-177_sgm00385.jpg,6,8.839633
20200624_09-34-48-177_sgm00386.jpg,4,4.44387
20200624_09-34-48-177_sgm00387.jpg,6,9.516076
20200624_09-34-48-177_sgm00388.jpg,7,11.07648
20200624_09-34-48-177_sgm00389.jpg,3,3.14168
20200624_09-34-48-177_sgm00390.jpg,4,4.761643
20200624_09-34-48-177_sgm00391.jpg,5,6.131003
20200624_09-34-48-177_sgm00392.jpg,6,8.240121
20200624_09-34-48-177_sgm00393.jpg,7,10.00963
20200624_09-34-48-177_sgm00394.jpg,4,4.754666
20200624_09-34-48-177_sgm00395.jpg,4,4.703808
20200624_09-34-48-177_sgm00396.jpg,4,4.624809
20200624_09-34-48-177_sgm00397.jpg,4,4.249103
20200624_09-34-48-177_sgm00398.jpg,4,4.161466
20200624_09-34-48-177_sgm00399.jpg,4,4.664794
20200624_09-34-48-177_sgm00400.jpg,4,4.820148
20200624_09-34-48-177_sgm00401.jpg,5,6.165857
20200624_09-34-48-177_sgm00402.jpg,4,5.164339
20200624_09-34-48-177_sgm00403.jpg,5,6.030234
20200624_09-34-48-177_sgm00404.jpg,4,4.123623
20200624_09-34-48-177_sgm00405.jpg,4,4.853495
20200624_09-34-48-177_sgm00406.jpg,4,4.93397
20200624_09-34-48-177_sgm00407.jpg,3,3.930143
20200624_09-34-48-177_sgm00408.jpg,3,3.964649
20200624_09-34-48-177_sgm00409.jpg,4,4.800655
20200624_09-34-48-177_sgm00410.jpg,4,4.34626
20200624_09-34-48-177_sgm00411.jpg,6,9.540273
20200624_09-34-48-177_sgm00412.jpg,6,9.527349
20200624_09-34-48-177_sgm00413.jpg,5,6.302359
20200624_09-34-48-177_sgm00414.jpg,3,3.637237
20200624_09-34-48-177_sgm00415.jpg,3,3.66896
20200624_09-34-48-177_sgm00416.jpg,3,3.420319
20200624_09-34-48-177_sgm00417.jpg,4,4.319838
20200624_09-34-48-177_sgm00418.jpg,3,3.483319
20200624_09-34-48-177_sgm00419.jpg,2,2.828289
20200624_09-34-48-177_sgm00420.jpg,3,3.392428
20200624_09-34-48-177_sgm00421.jpg,4,4.206041
20200624_09-34-48-177_sgm00422.jpg,3,3.624123
20200624_09-34-48-177_sgm00423.jpg,4,4.748861
20200624_09-34-48-177_sgm00424.jpg,5,6.199264
20200624_09-34-48-177_sgm00425.jpg,4,4.255227
20200624_09-34-48-177_sgm00426.jpg,4,4.221285
20200624_09-34-48-177_sgm00427.jpg,5,7.407917
20200624_09-34-48-177_sgm00428.jpg,3,3.431074
20200624_09-34-48-177_sgm00429.jpg,3,3.765164
20200624_09-34-48-177_sgm00430.jpg,4,4.282171
20200624_09-34-48-177_sgm00431.jpg,4,4.458476
20200624_09-34-48-177_sgm00432.jpg,3,3.767517
20200624_09-34-48-177_sgm00433.jpg,3,3.444065
20200624_09-34-48-177_sgm00434.jpg,4,4.957244
20200624_09-34-48-177_sgm00435.jpg,4,4.049639
20200624_09-34-48-177_sgm00436.jpg,4,5.250123
20200624_09-34-48-177_sgm00437.jpg,2,2.81836
20200624_09-34-48-177_sgm00438.jpg,4,4.872669
20200624_09-34-48-177_sgm00439.jpg,4,5.735059
20200624_09-34-48-177_sgm00440.jpg,4,5.910177
20200624_09-34-48-177_sgm00441.jpg,3,3.935884
20200624_09-34-48-177_sgm00442.jpg,5,6.755729
20200624_09-34-48-177_sgm00443.jpg,6,9.963794
20200624_09-34-48-177_sgm00444.jpg,2,2.685742
20200624_09-34-48-177_sgm00445.jpg,4,4.500433
20200624_09-34-48-177_sgm00446.jpg,5,7.425672
20200624_09-34-48-177_sgm00447.jpg,5,6.532363
20200624_09-34-48-177_sgm00448.jpg,4,5.315173
20200624_09-34-48-177_sgm00449.jpg,3,3.316285
20200624_09-34-48-177_sgm00450.jpg,2,2.58706
20200624_09-34-48-177_sgm00451.jpg,3,3.538614
20200624_09-34-48-177_sgm00452.jpg,4,4.915682
20200624_09-34-48-177_sgm00453.jpg,4,5.039298
20200624_11-25-43-784_sgm00001.jpg,8,13.58939
20200624_11-25-43-784_sgm00002.jpg,4,4.7856
20200624_11-25-43-784_sgm00007.jpg,4,4.274145
20200624_11-25-43-784_sgm00008.jpg,5,6.578475
20200624_11-25-43-784_sgm00009.jpg,5,7.245007
20200624_11-25-43-784_sgm00010.jpg,7,11.41359
20200624_11-25-43-784_sgm00011.jpg,5,6.403497
20200624_11-25-43-784_sgm00012.jpg,6,9.291981
20200624_11-25-43-784_sgm00013.jpg,5,6.190926
20200624_11-25-43-784_sgm00014.jpg,6,9.603202
20200624_11-25-43-784_sgm00015.jpg,4,5.18672
20200624_11-25-43-784_sgm00016.jpg,6,8.720363
20200624_11-25-43-784_sgm00017.jpg,5,7.811271
20200624_11-25-43-784_sgm00018.jpg,5,7.644354
20200624_11-25-43-784_sgm00019.jpg,5,6.202589
20200624_11-25-43-784_sgm00021.jpg,6,9.669031
20200624_11-25-43-784_sgm00022.jpg,6,9.865475
20200624_11-25-43-784_sgm00023.jpg,6,9.462623
20200624_11-25-43-784_sgm00024.jpg,6,9.728581
20200624_11-25-43-784_sgm00025.jpg,8,15.98914
20200624_11-25-43-784_sgm00026.jpg,6,8.035468
20200624_11-25-43-784_sgm00027.jpg,5,7.668395
20200624_11-25-43-784_sgm00028.jpg,7,10.18575
20200624_11-25-43-784_sgm00029.jpg,8,13.89598
20200624_11-25-43-784_sgm00030.jpg,8,14.73039
20200624_11-25-43-784_sgm00031.jpg,8,13.90668
20200624_11-25-43-784_sgm00032.jpg,8,12.95408
20200624_11-25-43-784_sgm00033.jpg,8,15.11061
20200624_11-25-43-784_sgm00034.jpg,8,13.80636
20200624_11-25-43-784_sgm00035.jpg,7,11.25578
20200624_11-25-43-784_sgm00036.jpg,6,9.135395
20200624_11-25-43-784_sgm00037.jpg,6,9.088036
20200624_11-25-43-784_sgm00038.jpg,5,7.513292
20200624_11-25-43-784_sgm00039.jpg,6,9.925475
20200624_11-25-43-784_sgm00040.jpg,6,9.967414
20200624_11-25-43-784_sgm00041.jpg,5,7.549112
20200624_11-25-43-784_sgm00042.jpg,6,9.814783
20200624_11-25-43-784_sgm00043.jpg,6,9.69287
20200624_11-25-43-784_sgm00044.jpg,8,13.17614
20200624_11-25-43-784_sgm00045.jpg,7,10.03868
20200624_11-25-43-784_sgm00046.jpg,5,7.97054
20200624_11-25-43-784_sgm00047.jpg,6,9.149294
20200624_11-25-43-784_sgm00048.jpg,8,13.23704
20200624_11-25-43-784_sgm00049.jpg,7,10.24946
20200624_11-25-43-784_sgm00050.jpg,4,4.784189
20200624_11-25-43-784_sgm00051.jpg,4,5.148586
20200624_11-25-43-784_sgm00052.jpg,2,2.937226
20200624_11-25-43-784_sgm00053.jpg,3,3.819869
20200624_11-25-43-784_sgm00054.jpg,7,10.07885
20200624_11-25-43-784_sgm00055.jpg,8,18.3068
20200624_11-25-43-784_sgm00056.jpg,7,11.79067
20200624_11-25-43-784_sgm00057.jpg,6,8.330879
20200624_11-25-43-784_sgm00058.jpg,4,4.908149
20200624_11-25-43-784_sgm00059.jpg,4,4.8629
20200624_11-25-43-784_sgm00060.jpg,4,5.445818
20200624_11-25-43-784_sgm00061.jpg,4,4.242359
20200624_11-25-43-784_sgm00062.jpg,4,4.384042
20200624_11-25-43-784_sgm00063.jpg,6,8.93949
20200624_11-25-43-784_sgm00064.jpg,5,7.356369
20200624_11-25-43-784_sgm00065.jpg,3,3.917991
20200624_11-25-43-784_sgm00066.jpg,8,13.58056
20200624_11-25-43-784_sgm00070.jpg,4,5.719108
20200624_11-25-43-784_sgm00071.jpg,3,3.181596
20200624_11-25-43-784_sgm00072.jpg,3,3.937773
20200624_11-25-43-784_sgm00073.jpg,3,3.419063
20200624_11-25-43-784_sgm00074.jpg,4,5.008541
20200624_11-25-43-784_sgm00075.jpg,5,6.532311
20200624_11-25-43-784_sgm00076.jpg,5,7.711085
20200624_11-25-43-784_sgm00077.jpg,5,6.537849
20200624_11-25-43-784_sgm00078.jpg,5,7.191046
20200624_11-25-43-784_sgm00079.jpg,5,7.493322
20200624_11-25-43-784_sgm00080.jpg,4,5.083741
20200624_11-25-43-784_sgm00081.jpg,6,8.702204
20200624_11-25-43-784_sgm00082.jpg,2,2.657361
20200624_11-25-43-784_sgm00083.jpg,2,2.349542
20200624_11-25-43-784_sgm00084.jpg,2,2.720927
20200624_11-25-43-784_sgm00085.jpg,3,3.435259
20200624_11-25-43-784_sgm00086.jpg,8,15.00672
20200624_11-25-43-784_sgm00087.jpg,6,8.16317
20200624_11-25-43-784_sgm00088.jpg,3,3.15782
20200624_11-25-43-784_sgm00089.jpg,4,4.501801
20200624_11-25-43-784_sgm00090.jpg,3,3.710493
20200624_11-25-43-784_sgm00091.jpg,4,4.20112
20200624_11-25-43-784_sgm00092.jpg,5,6.78333
20200624_11-25-43-784_sgm00093.jpg,3,3.284321
20200624_11-25-43-784_sgm00094.jpg,2,2.512804
20200624_11-25-43-784_sgm00095.jpg,3,3.150036
20200624_11-25-43-784_sgm00096.jpg,2,2.88894
20200624_11-25-43-784_sgm00097.jpg,3,3.625771
20200624_11-25-43-784_sgm00098.jpg,5,7.207053
20200624_11-25-43-784_sgm00099.jpg,6,8.936597
20200624_11-25-43-784_sgm00100.jpg,5,7.245525
20200624_11-25-43-784_sgm00101.jpg,7,10.33507
20200624_11-25-43-784_sgm00102.jpg,8,13.35764
20200624_11-25-43-784_sgm00103.jpg,8,13.46614
20200624_11-25-43-784_sgm00104.jpg,6,9.596478
20200624_11-25-43-784_sgm00105.jpg,4,5.196918
20200624_11-25-43-784_sgm00106.jpg,4,5.640875
20200624_11-25-43-784_sgm00107.jpg,4,4.346323
20200624_11-25-43-784_sgm00108.jpg,3,3.536357
20200624_11-25-43-784_sgm00109.jpg,3,3.005593
20200624_11-25-43-784_sgm00110.jpg,2,2.939057
20200624_11-25-43-784_sgm00111.jpg,3,3.890356
20200624_11-25-43-784_sgm00112.jpg,4,4.636583
20200624_11-25-43-784_sgm00113.jpg,3,3.24796
20200624_11-25-43-784_sgm00114.jpg,3,3.983016
20200624_11-25-43-784_sgm00115.jpg,3,3.324231
20200624_11-25-43-784_sgm00116.jpg,3,3.790491
20200624_11-25-43-784_sgm00117.jpg,3,3.624801
20200624_11-25-43-784_sgm00118.jpg,4,5.418777
20200624_11-25-43-784_sgm00119.jpg,2,2.644126
20200624_11-25-43-784_sgm00120.jpg,3,3.084801
20200624_11-25-43-784_sgm00121.jpg,3,3.674264
20200624_11-25-43-784_sgm00122.jpg,4,4.164182
20200624_11-25-43-784_sgm00123.jpg,4,5.066902
20200624_11-25-43-784_sgm00124.jpg,6,9.377426
20200624_11-25-43-784_sgm00125.jpg,5,6.028157
20200624_11-25-43-784_sgm00126.jpg,5,6.856015
20200624_11-25-43-784_sgm00127.jpg,3,3.874926
20200624_11-25-43-784_sgm00128.jpg,4,4.624457
20200624_11-25-43-784_sgm00129.jpg,3,3.53374
20200624_11-25-43-784_sgm00130.jpg,3,3.494948
20200624_11-25-43-784_sgm00131.jpg,3,3.667316
20200624_11-25-43-784_sgm00132.jpg,4,5.684847
20200624_11-25-43-784_sgm00133.jpg,3,3.17109
20200624_11-25-43-784_sgm00134.jpg,3,3.199331
20200624_11-25-43-784_sgm00135.jpg,4,4.631205
20200624_11-25-43-784_sgm00136.jpg,3,3.416651
20200624_11-25-43-784_sgm00137.jpg,3,3.37681
20200624_11-25-43-784_sgm00138.jpg,5,7.458578
20200624_11-25-43-784_sgm00139.jpg,5,7.556333
20200624_11-25-43-784_sgm00140.jpg,4,5.976577
20200624_11-25-43-784_sgm00141.jpg,2,2.427858
20200624_11-25-43-784_sgm00142.jpg,4,4.607213
20200624_11-25-43-784_sgm00143.jpg,4,4.816535
20200624_11-25-43-784_sgm00144.jpg,4,4.713042
20200624_11-25-43-784_sgm00145.jpg,3,3.463512
20200624_11-25-43-784_sgm00146.jpg,3,3.207858
20200624_11-25-43-784_sgm00147.jpg,4,5.394544
20200624_11-25-43-784_sgm00148.jpg,4,4.928303
20200624_11-25-43-784_sgm00149.jpg,3,3.650341
20200624_11-25-43-784_sgm00150.jpg,3,3.297673
20200624_11-25-43-784_sgm00151.jpg,4,4.930074
20200624_11-25-43-784_sgm00152.jpg,4,5.126396
20200624_11-25-43-784_sgm00153.jpg,4,4.556636
20200624_11-25-43-784_sgm00154.jpg,5,6.327519
20200624_11-25-43-784_sgm00155.jpg,4,5.665298
20200624_11-25-43-784_sgm00156.jpg,8,12.06394
20200624_11-25-43-784_sgm00157.jpg,6,9.688716
20200624_11-25-43-784_sgm00158.jpg,4,5.664808
20200624_11-25-43-784_sgm00159.jpg,5,6.876483
20200624_11-25-43-784_sgm00160.jpg,4,4.706411
20200624_11-25-43-784_sgm00161.jpg,5,7.311656
20200624_11-25-43-784_sgm00162.jpg,4,5.599057
20200624_11-25-43-784_sgm00163.jpg,8,17.9832
20200624_11-25-43-784_sgm00164.jpg,5,6.84762
20200624_11-25-43-784_sgm00165.jpg,8,17.25231
20200624_11-25-43-784_sgm00166.jpg,4,4.52753
20200624_11-25-43-784_sgm00167.jpg,4,4.237187
20200624_11-25-43-784_sgm00168.jpg,2,2.381834
20200624_11-25-43-784_sgm00169.jpg,2,2.694649
20200624_11-25-43-784_sgm00170.jpg,5,7.578275
20200624_11-25-43-784_sgm00171.jpg,6,9.27274
20200624_11-25-43-784_sgm00172.jpg,6,9.462519
20200624_11-25-43-784_sgm00173.jpg,4,4.833535
20200624_11-25-43-784_sgm00174.jpg,5,7.989974
20200624_11-25-43-784_sgm00175.jpg,4,5.82337
20200624_11-25-43-784_sgm00176.jpg,3,3.514682
20200624_11-25-43-784_sgm00177.jpg,3,3.210997
20200624_11-25-43-784_sgm00178.jpg,2,2.841819
20200624_11-25-43-784_sgm00179.jpg,4,4.077352
20200624_11-25-43-784_sgm00180.jpg,4,4.592463
20200624_11-25-43-784_sgm00181.jpg,3,3.410498
20200624_11-25-43-784_sgm00182.jpg,7,10.61213
20200624_11-25-43-784_sgm00183.jpg,4,4.005382
20200624_11-25-43-784_sgm00184.jpg,4,4.495544
20200624_11-25-43-784_sgm00185.jpg,4,4.253968
20200624_11-25-43-784_sgm00186.jpg,4,5.863618
20200624_11-25-43-784_sgm00187.jpg,6,8.439052
20200624_11-25-43-784_sgm00188.jpg,7,10.89357
20200624_11-25-43-784_sgm00189.jpg,4,4.993738
20200624_11-25-43-784_sgm00190.jpg,7,10.17617
20200624_11-25-43-784_sgm00191.jpg,6,8.227197
20200624_11-25-43-784_sgm00192.jpg,6,8.822535
20200624_11-25-43-784_sgm00193.jpg,5,6.489536
20200624_11-25-43-784_sgm00194.jpg,4,4.315169
20200624_11-25-43-784_sgm00195.jpg,3,3.779444
20200624_11-25-43-784_sgm00196.jpg,4,5.575516
20200624_11-25-43-784_sgm00197.jpg,4,4.382721
20200624_11-25-43-784_sgm00198.jpg,6,8.129916
20200624_11-25-43-784_sgm00199.jpg,3,3.928783
20200624_11-25-43-784_sgm00200.jpg,2,2.16787
20200624_11-25-43-784_sgm00201.jpg,5,7.317345
20200624_11-25-43-784_sgm00202.jpg,4,4.501846
20200624_11-25-43-784_sgm00203.jpg,3,3.496069
20200624_11-25-43-784_sgm00204.jpg,5,7.359777
20200624_11-25-43-784_sgm00205.jpg,3,3.419489
20200624_11-25-43-784_sgm00206.jpg,4,5.411438
20200624_11-25-43-784_sgm00207.jpg,3,3.049698
20200624_11-25-43-784_sgm00208.jpg,3,3.344905
20200624_11-25-43-784_sgm00209.jpg,4,4.189472
20200624_11-25-43-784_sgm00210.jpg,3,3.762607
20200624_11-25-43-784_sgm00211.jpg,3,3.343949
20200624_11-25-43-784_sgm00212.jpg,4,4.148846
20200624_11-25-43-784_sgm00213.jpg,4,5.658006
20200624_11-25-43-784_sgm00214.jpg,4,4.082641
20200624_11-25-43-784_sgm00215.jpg,4,4.607778
20200624_11-25-43-784_sgm00216.jpg,4,4.402048
20200624_11-25-43-784_sgm00217.jpg,4,4.539388
20200624_11-25-43-784_sgm00218.jpg,3,3.685472
20200624_11-25-43-784_sgm00219.jpg,4,4.510543
20200624_11-25-43-784_sgm00220.jpg,4,4.395264
20200624_11-25-43-784_sgm00221.jpg,4,4.108328
20200624_11-25-43-784_sgm00222.jpg,4,4.328514
20200624_11-25-43-784_sgm00223.jpg,4,5.349366
20200624_11-25-43-784_sgm00224.jpg,4,5.453806
20200624_11-25-43-784_sgm00225.jpg,4,5.699777
20200624_11-25-43-784_sgm00226.jpg,4,5.333138
20200624_11-25-43-784_sgm00227.jpg,4,5.044172
20200624_11-25-43-784_sgm00228.jpg,2,2.937676
20200624_11-25-43-784_sgm00229.jpg,5,7.35748
20200624_11-25-43-784_sgm00230.jpg,4,5.230611
20200624_11-25-43-784_sgm00231.jpg,4,4.494949
20200624_11-25-43-784_sgm00232.jpg,4,4.388528
20200624_11-25-43-784_sgm00233.jpg,4,4.606417
20200624_11-25-43-784_sgm00234.jpg,4,4.114842
20200624_11-25-43-784_sgm00235.jpg,4,4.55163
20200624_11-25-43-784_sgm00236.jpg,4,5.181963
20200624_11-25-43-784_sgm00237.jpg,4,5.354809
20200624_11-25-43-784_sgm00238.jpg,4,5.383952
20200624_11-25-43-784_sgm00239.jpg,4,4.870603
20200624_11-25-43-784_sgm00240.jpg,4,4.092955
20200624_11-25-43-784_sgm00241.jpg,4,4.793504
20200624_11-25-43-784_sgm00242.jpg,3,3.82191
20200624_11-25-43-784_sgm00243.jpg,3,3.993534
20200624_11-25-43-784_sgm00244.jpg,4,4.516963
20200624_11-25-43-784_sgm00245.jpg,4,5.061779
20200624_11-25-43-784_sgm00246.jpg,4,4.294696
20200624_11-25-43-784_sgm00247.jpg,5,6.628439
20200624_11-25-43-784_sgm00248.jpg,4,4.969664
20200624_11-25-43-784_sgm00249.jpg,4,4.389192
20200624_11-25-43-784_sgm00250.jpg,4,4.977512
20200624_11-25-43-784_sgm00251.jpg,4,4.806828
20200624_11-25-43-784_sgm00252.jpg,4,5.634346
20200624_11-25-43-784_sgm00253.jpg,4,4.263552
20200624_11-25-43-784_sgm00254.jpg,4,4.585765
20200624_11-25-43-784_sgm00255.jpg,3,3.490767
20200624_11-25-43-784_sgm00256.jpg,3,3.481226
20200624_11-25-43-784_sgm00257.jpg,5,6.584076
20200624_11-25-43-784_sgm00258.jpg,3,3.766869
20200624_11-25-43-784_sgm00259.jpg,3,3.764207
20200624_11-25-43-784_sgm00260.jpg,4,4.391253
20200624_11-25-43-784_sgm00261.jpg,3,3.753414
20200624_11-25-43-784_sgm00262.jpg,4,4.206392
20200624_11-25-43-784_sgm00263.jpg,3,3.852529
20200624_11-25-43-784_sgm00264.jpg,4,4.268485
20200624_11-25-43-784_sgm00265.jpg,4,4.845063
20200624_11-25-43-784_sgm00266.jpg,3,3.72504
20200624_11-25-43-784_sgm00267.jpg,4,4.482735
20200624_11-25-43-784_sgm00268.jpg,4,4.140652
20200624_11-25-43-784_sgm00269.jpg,3,3.345862
20200624_11-25-43-784_sgm00270.jpg,3,3.893574
20200624_11-25-43-784_sgm00271.jpg,3,3.598711
20200624_11-25-43-784_sgm00272.jpg,4,4.565624
20200624_11-25-43-784_sgm00273.jpg,4,4.075926
20200624_11-25-43-784_sgm00274.jpg,4,4.487312
20200624_11-25-43-784_sgm00275.jpg,3,3.539671
20200624_11-25-43-784_sgm00276.jpg,3,3.121151
20200624_11-25-43-784_sgm00277.jpg,5,6.172872
20200624_11-25-43-784_sgm00278.jpg,4,5.138176
20200624_11-25-43-784_sgm00279.jpg,4,4.914715
20200624_11-25-43-784_sgm00280.jpg,4,5.283271
20200624_11-25-43-784_sgm00281.jpg,4,4.690937
20200624_11-25-43-784_sgm00282.jpg,3,3.417339
20200624_11-25-43-784_sgm00283.jpg,4,4.555355
20200624_11-25-43-784_sgm00284.jpg,4,4.697124
20200624_11-25-43-784_sgm00285.jpg,4,5.427232
20200624_11-25-43-784_sgm00286.jpg,3,3.926121
20200624_11-25-43-784_sgm00287.jpg,3,3.589267
20200624_11-25-43-784_sgm00288.jpg,4,5.367965
20200624_11-25-43-784_sgm00289.jpg,3,3.025455
20200624_11-25-43-784_sgm00290.jpg,2,2.877613
20200624_11-25-43-784_sgm00291.jpg,3,3.438941
20200624_11-25-43-784_sgm00292.jpg,3,3.581218
20200624_11-25-43-784_sgm00293.jpg,3,3.069583
20200624_11-25-43-784_sgm00294.jpg,3,3.6959
20200624_11-25-43-784_sgm00295.jpg,3,3.968041
20200624_11-25-43-784_sgm00296.jpg,3,3.864122
20200624_11-25-43-784_sgm00297.jpg,4,5.556227
20200624_11-25-43-784_sgm00298.jpg,3,3.856836
20200624_11-25-43-784_sgm00299.jpg,3,3.571249
20200624_11-25-43-784_sgm00300.jpg,3,3.173335
20200624_11-25-43-784_sgm00301.jpg,3,3.781132
20200624_11-25-43-784_sgm00302.jpg,3,3.654912
20200624_11-25-43-784_sgm00303.jpg,3,3.514293
20200624_11-25-43-784_sgm00304.jpg,4,4.132391
20200624_11-25-43-784_sgm00305.jpg,3,3.720317
20200624_11-25-43-784_sgm00306.jpg,3,3.861425
20200624_11-25-43-784_sgm00307.jpg,3,3.706551
20200624_11-25-43-784_sgm00308.jpg,3,3.982721
20200624_11-25-43-784_sgm00309.jpg,3,3.967762
20200624_11-25-43-784_sgm00310.jpg,3,3.871148
20200624_11-25-43-784_sgm00311.jpg,3,3.821852
20200624_11-25-43-784_sgm00312.jpg,3,3.556307
20200624_11-25-43-784_sgm00313.jpg,3,3.303303
20200624_11-25-43-784_sgm00314.jpg,4,4.649865
20200624_11-25-43-784_sgm00315.jpg,3,3.565331
20200624_11-25-43-784_sgm00316.jpg,4,4.154223
20200624_11-25-43-784_sgm00317.jpg,3,3.023088
20200624_11-25-43-784_sgm00318.jpg,3,3.815194
20200624_11-25-43-784_sgm00319.jpg,4,4.250671
20200624_11-25-43-784_sgm00320.jpg,3,3.789182
20200624_11-25-43-784_sgm00321.jpg,3,3.085317
20200624_11-25-43-784_sgm00322.jpg,4,4.155531
20200624_11-25-43-784_sgm00323.jpg,4,4.055545
20200624_11-25-43-784_sgm00324.jpg,2,2.911463
20200624_11-25-43-784_sgm00325.jpg,4,4.695392
20200624_11-25-43-784_sgm00326.jpg,3,3.604577
20200624_11-25-43-784_sgm00327.jpg,3,3.65901
20200624_11-25-43-784_sgm00328.jpg,3,3.466685
20200624_11-25-43-784_sgm00329.jpg,3,3.780246
20200624_11-25-43-784_sgm00330.jpg,3,3.90435
20200624_11-25-43-784_sgm00331.jpg,4,4.002991
20200624_11-25-43-784_sgm00332.jpg,3,3.913002
20200624_11-25-43-784_sgm00333.jpg,3,3.709096
20200624_11-25-43-784_sgm00334.jpg,4,4.056907
20200624_11-25-43-784_sgm00335.jpg,3,3.163685
20200624_11-25-43-784_sgm00336.jpg,2,2.790406
20200624_11-25-43-784_sgm00337.jpg,3,3.536784
20200624_11-25-43-784_sgm00338.jpg,3,3.454187
20200624_11-25-43-784_sgm00339.jpg,3,3.962191
20200624_11-25-43-784_sgm00340.jpg,3,3.112834
20200624_11-25-43-784_sgm00341.jpg,3,3.920973
20200624_11-25-43-784_sgm00342.jpg,3,3.11853
20200624_11-25-43-784_sgm00343.jpg,4,4.77863
20200624_11-25-43-784_sgm00344.jpg,4,4.351697
20200624_11-25-43-784_sgm00345.jpg,4,4.490071
20200624_11-25-43-784_sgm00346.jpg,4,4.849004
20200624_11-25-43-784_sgm00347.jpg,4,4.962234
20200624_11-25-43-784_sgm00348.jpg,3,3.991486
20200624_11-25-43-784_sgm00349.jpg,4,4.899615
20200624_11-25-43-784_sgm00350.jpg,4,4.788359
20200624_11-25-43-784_sgm00351.jpg,4,5.100318
20200624_11-25-43-784_sgm00352.jpg,4,5.744925
20200624_11-25-43-784_sgm00353.jpg,5,6.450488
20200624_11-25-43-784_sgm00354.jpg,4,4.634184
20200624_11-25-43-784_sgm00355.jpg,3,3.981818
20200624_11-25-43-784_sgm00356.jpg,4,4.123636
20200624_11-25-43-784_sgm00357.jpg,3,3.761546
20200624_11-25-43-784_sgm00358.jpg,3,3.136508
20200624_11-25-43-784_sgm00359.jpg,3,3.027725
20200624_11-25-43-784_sgm00360.jpg,3,3.713681
20200624_11-25-43-784_sgm00361.jpg,3,3.9482
20200624_11-25-43-784_sgm00362.jpg,4,4.302851
20200624_11-25-43-784_sgm00363.jpg,6,8.508507
20200624_11-25-43-784_sgm00364.jpg,5,7.237224
20200624_11-25-43-784_sgm00365.jpg,4,4.091142
20200624_11-25-43-784_sgm00366.jpg,3,3.086526
20200624_11-25-43-784_sgm00367.jpg,3,3.714115
20200624_11-25-43-784_sgm00368.jpg,4,4.900691
20200624_11-25-43-784_sgm00369.jpg,4,5.361592
20200624_11-25-43-784_sgm00370.jpg,4,4.213053
20200624_11-25-43-784_sgm00371.jpg,4,4.031942
20200624_11-25-43-784_sgm00372.jpg,3,3.645921
20200624_11-25-43-784_sgm00373.jpg,5,6.784078
20200624_11-25-43-784_sgm00374.jpg,4,4.370989
20200624_11-25-43-784_sgm00375.jpg,3,3.702241
20200624_11-25-43-784_sgm00376.jpg,4,4.217561
20200624_11-25-43-784_sgm00377.jpg,4,4.542305
20200624_11-25-43-784_sgm00378.jpg,4,4.308137
20200624_11-25-43-784_sgm00379.jpg,3,3.912323
20200624_11-25-43-784_sgm00380.jpg,4,4.077622
20200624_11-25-43-784_sgm00381.jpg,4,4.516141
20200624_11-25-43-784_sgm00382.jpg,3,3.437268
20200624_11-25-43-784_sgm00383.jpg,3,3.11328
20200624_11-25-43-784_sgm00384.jpg,4,5.01345
20200624_11-25-43-784_sgm00385.jpg,3,3.881243
20200624_11-25-43-784_sgm00386.jpg,3,3.545502
20200624_11-25-43-784_sgm00387.jpg,3,3.924242
20200624_11-25-43-784_sgm00388.jpg,3,3.906391
20200624_11-25-43-784_sgm00389.jpg,4,5.966325
20200624_11-25-43-784_sgm00390.jpg,4,4.507663
20200624_11-25-43-784_sgm00391.jpg,5,7.415853
20200624_11-25-43-784_sgm00392.jpg,4,4.703363
20200624_11-25-43-784_sgm00393.jpg,3,3.957244
20200624_11-25-43-784_sgm00394.jpg,4,4.454731
20200624_11-25-43-784_sgm00395.jpg,5,6.991896
20200624_11-25-43-784_sgm00396.jpg,3,3.557958
20200624_11-25-43-784_sgm00397.jpg,3,3.983469
20200624_11-25-43-784_sgm00398.jpg,4,4.244859
20200624_11-25-43-784_sgm00399.jpg,3,3.149551
20200624_11-25-43-784_sgm00400.jpg,4,4.439768
20200624_11-25-43-784_sgm00401.jpg,3,3.830929
20200624_11-25-43-784_sgm00402.jpg,3,3.439916
20200624_11-25-43-784_sgm00403.jpg,4,5.827492
20200624_11-25-43-784_sgm00404.jpg,4,4.488595
20200624_11-25-43-784_sgm00405.jpg,3,3.698482
20200624_11-25-43-784_sgm00406.jpg,4,4.730602
20200624_11-25-43-784_sgm00407.jpg,3,3.554144
20200624_11-25-43-784_sgm00408.jpg,4,4.233525
20200624_11-25-43-784_sgm00409.jpg,4,4.454854
20200624_11-25-43-784_sgm00410.jpg,3,3.912379
20200624_11-25-43-784_sgm00411.jpg,4,4.140903
20200624_11-25-43-784_sgm00412.jpg,4,5.153216
20200624_11-25-43-784_sgm00413.jpg,3,3.725555
20200624_11-25-43-784_sgm00414.jpg,4,4.84969
20200624_11-25-43-784_sgm00415.jpg,5,6.626835
20200624_11-25-43-784_sgm00416.jpg,5,7.0652
20200624_11-25-43-784_sgm00417.jpg,4,4.457164
20200624_11-25-43-784_sgm00418.jpg,4,4.791492
20200624_11-25-43-784_sgm00419.jpg,4,4.390201
20200624_11-25-43-784_sgm00420.jpg,4,5.461287
20200624_11-25-43-784_sgm00421.jpg,3,3.066918
20200624_11-25-43-784_sgm00422.jpg,3,3.512554
20200624_11-25-43-784_sgm00423.jpg,3,3.851387
20200624_11-25-43-784_sgm00424.jpg,4,4.613716
20200624_11-25-43-784_sgm00425.jpg,2,2.999485
20200624_11-25-43-784_sgm00426.jpg,4,4.171893
20200624_11-25-43-784_sgm00427.jpg,2,2.81958
20200624_11-25-43-784_sgm00428.jpg,3,3.333112
20200624_11-25-43-784_sgm00429.jpg,3,3.258781
20200624_11-25-43-784_sgm00430.jpg,3,3.89913
20200624_11-25-43-784_sgm00431.jpg,3,3.768355
20200624_11-25-43-784_sgm00432.jpg,4,5.10716
20200624_11-25-43-784_sgm00433.jpg,4,4.28464
20200624_11-25-43-784_sgm00434.jpg,3,3.761569
20200624_11-25-43-784_sgm00435.jpg,3,3.945547
20200624_11-25-43-784_sgm00436.jpg,4,4.205661
20200624_11-25-43-784_sgm00437.jpg,3,3.296616
20200624_11-25-43-784_sgm00438.jpg,4,5.939568
20200624_11-25-43-784_sgm00439.jpg,4,4.679601
20200624_11-25-43-784_sgm00440.jpg,4,4.064461
20200624_11-25-43-784_sgm00441.jpg,4,4.55264
20200624_11-25-43-784_sgm00442.jpg,4,4.53636
20200624_11-25-43-784_sgm00443.jpg,3,3.342012
20200624_11-25-43-784_sgm00444.jpg,3,3.847611
20200624_11-25-43-784_sgm00445.jpg,4,4.328007
20200624_11-25-43-784_sgm00446.jpg,4,4.319298
20200624_11-25-43-784_sgm00447.jpg,4,4.298157
20200624_11-25-43-784_sgm00448.jpg,4,4.90805
20200624_11-25-43-784_sgm00449.jpg,3,3.083747
20200624_11-25-43-784_sgm00450.jpg,3,3.063301
20200624_11-25-43-784_sgm00451.jpg,3,3.861393
20200624_11-25-43-784_sgm00452.jpg,3,3.701019
20200624_11-25-43-784_sgm00453.jpg,4,4.126534
20200624_11-25-43-784_sgm00454.jpg,5,6.018551
20200624_11-25-43-784_sgm00455.jpg,4,5.098492
20200624_11-25-43-784_sgm00456.jpg,3,3.290706
20200624_11-25-43-784_sgm00457.jpg,3,3.74541
20200624_11-25-43-784_sgm00458.jpg,2,2.951437
20200624_11-25-43-784_sgm00459.jpg,4,4.697868
20200624_11-25-43-784_sgm00460.jpg,3,3.299315
20200624_11-25-43-784_sgm00461.jpg,3,3.648836
20200624_11-25-43-784_sgm00462.jpg,2,2.956154
20200624_11-25-43-784_sgm00463.jpg,4,4.790514
20200624_11-25-43-784_sgm00464.jpg,3,3.515397
20200624_11-25-43-784_sgm00465.jpg,3,3.855654
20200624_11-25-43-784_sgm00466.jpg,4,5.169999
20200624_11-25-43-784_sgm00467.jpg,4,4.149506
20200624_11-25-43-784_sgm00468.jpg,4,4.174297
20200624_11-25-43-784_sgm00469.jpg,3,3.494805
20200624_11-25-43-784_sgm00470.jpg,4,4.303626
20200624_11-25-43-784_sgm00471.jpg,3,3.860122
20200624_11-25-43-784_sgm00472.jpg,4,5.30934
20200624_11-25-43-784_sgm00473.jpg,4,5.545475
20200624_11-25-43-784_sgm00474.jpg,4,4.444213
20200624_11-25-43-784_sgm00475.jpg,3,3.298041
20200624_11-25-43-784_sgm00476.jpg,3,3.565403
20200624_11-25-43-784_sgm00477.jpg,3,3.087115
20200624_11-25-43-784_sgm00478.jpg,3,3.086421
20200624_11-25-43-784_sgm00479.jpg,3,3.52379
20200624_11-25-43-784_sgm00480.jpg,3,3.613928
20200624_11-25-43-784_sgm00481.jpg,3,3.735183
20200624_11-25-43-784_sgm00482.jpg,4,5.277028
20200624_11-25-43-784_sgm00483.jpg,3,3.920006
20200624_11-25-43-784_sgm00484.jpg,3,3.504756
20200624_11-25-43-784_sgm00485.jpg,2,2.969474
20200624_11-25-43-784_sgm00486.jpg,2,2.811179
20200624_11-25-43-784_sgm00487.jpg,3,3.942219
20200624_11-25-43-784_sgm00488.jpg,3,3.347753
20200624_11-25-43-784_sgm00489.jpg,3,3.129961
20200624_11-25-43-784_sgm00490.jpg,3,3.258543
20200624_11-25-43-784_sgm00491.jpg,3,3.578303
20200624_11-25-43-784_sgm00492.jpg,3,3.761311
20200624_11-25-43-784_sgm00493.jpg,4,4.832559
20200624_11-25-43-784_sgm00494.jpg,3,3.485612
20200624_11-25-43-784_sgm00495.jpg,4,4.047409
20200624_11-25-43-784_sgm00496.jpg,3,3.59509
20200624_11-25-43-784_sgm00497.jpg,3,3.779553
20200624_11-25-43-784_sgm00498.jpg,3,3.46206
20200624_11-25-43-784_sgm00499.jpg,8,14.27897
20200624_11-25-43-784_sgm00500.jpg,4,4.256668
20200624_11-25-43-784_sgm00501.jpg,3,3.368879
20200624_11-25-43-784_sgm00502.jpg,4,4.502375
20200624_11-25-43-784_sgm00503.jpg,5,7.136366
20200624_11-25-43-784_sgm00504.jpg,5,6.970437
20200624_11-25-43-784_sgm00505.jpg,3,3.914285
20200624_11-25-43-784_sgm00506.jpg,4,5.604385
20200624_11-25-43-784_sgm00507.jpg,4,4.155583
20200624_11-25-43-784_sgm00508.jpg,4,4.11843
20200624_11-25-43-784_sgm00509.jpg,3,3.75806
20200624_11-25-43-784_sgm00510.jpg,4,4.233078
20200624_11-25-43-784_sgm00511.jpg,4,4.510692
20200624_11-25-43-784_sgm00512.jpg,3,3.605593
20200624_11-25-43-784_sgm00513.jpg,4,4.367877
20200624_11-25-43-784_sgm00514.jpg,4,4.326325
20200624_11-25-43-784_sgm00515.jpg,4,4.111259
20200624_11-25-43-784_sgm00516.jpg,3,3.656627
20200624_11-25-43-784_sgm00517.jpg,4,4.197843
20200624_11-25-43-784_sgm00518.jpg,3,3.555784
20200624_11-25-43-784_sgm00519.jpg,4,5.496174
20200624_11-25-43-784_sgm00520.jpg,4,5.006131
20200624_11-25-43-784_sgm00521.jpg,4,5.076954
20200624_11-25-43-784_sgm00522.jpg,4,4.299337
20200624_11-25-43-784_sgm00523.jpg,4,4.848396
20200624_11-25-43-784_sgm00524.jpg,3,3.65099
20200624_11-25-43-784_sgm00525.jpg,4,5.170557
20200624_11-25-43-784_sgm00526.jpg,4,4.372337
20200624_11-25-43-784_sgm00527.jpg,4,4.366529
20200624_11-25-43-784_sgm00528.jpg,4,4.564553
20200624_11-25-43-784_sgm00529.jpg,3,3.759284
20200624_11-25-43-784_sgm00530.jpg,4,4.133557
20200624_11-25-43-784_sgm00531.jpg,3,3.725094
20200624_11-25-43-784_sgm00532.jpg,4,4.807533
20200624_11-25-43-784_sgm00533.jpg,4,4.821007
20200624_11-25-43-784_sgm00534.jpg,3,3.253782
20200624_11-25-43-784_sgm00535.jpg,3,3.689857
20200624_11-25-43-784_sgm00536.jpg,4,4.055938
20200624_11-25-43-784_sgm00537.jpg,4,4.392519
20200624_11-25-43-784_sgm00538.jpg,4,4.633474
20200624_11-25-43-784_sgm00539.jpg,4,4.085649
20200624_11-25-43-784_sgm00540.jpg,5,6.125246
20200624_11-25-43-784_sgm00541.jpg,3,3.997764
20200624_11-25-43-784_sgm00542.jpg,4,4.190708
20200624_11-25-43-784_sgm00543.jpg,4,4.633074
20200624_11-25-43-784_sgm00544.jpg,4,4.100226
20200624_11-25-43-784_sgm00545.jpg,4,4.635426
20200624_11-25-43-784_sgm00546.jpg,3,3.391132
20200624_11-25-43-784_sgm00547.jpg,4,4.029715
20200624_11-25-43-784_sgm00548.jpg,3,3.364591
20200624_11-25-43-784_sgm00549.jpg,4,4.323784
20200624_11-25-43-784_sgm00550.jpg,4,4.705018
20200624_11-25-43-784_sgm00551.jpg,4,5.071098
20200624_11-25-43-784_sgm00552.jpg,4,4.557736
20200624_11-25-43-784_sgm00553.jpg,3,3.416281
20200624_11-25-43-784_sgm00554.jpg,3,3.985874
20200624_11-25-43-784_sgm00555.jpg,4,5.539059
20200624_11-25-43-784_sgm00559.jpg,7,10.48799
20200624_11-25-43-784_sgm00560.jpg,3,3.035181
20200624_11-25-43-784_sgm00561.jpg,3,3.327427
20200624_11-25-43-784_sgm00562.jpg,3,3.886833
20200624_11-25-43-784_sgm00563.jpg,3,3.622167
20200624_11-25-43-784_sgm00564.jpg,3,3.021204
20200624_11-25-43-784_sgm00565.jpg,4,5.130569
20200624_11-25-43-784_sgm00566.jpg,3,3.98789
20200624_11-25-43-784_sgm00567.jpg,2,2.637593
20200624_11-25-43-784_sgm00568.jpg,3,3.082509
20200624_11-25-43-784_sgm00569.jpg,2,2.851057
20200624_11-25-43-784_sgm00570.jpg,3,3.345567
20200624_11-25-43-784_sgm00571.jpg,3,3.602181
20200624_11-25-43-784_sgm00572.jpg,3,3.647352
20200624_11-25-43-784_sgm00576.jpg,4,5.610777
20200624_11-25-43-784_sgm00577.jpg,3,3.875968
20200624_11-25-43-784_sgm00578.jpg,2,2.780328
20200624_11-25-43-784_sgm00579.jpg,3,3.239089
20200624_11-25-43-784_sgm00580.jpg,3,3.349638
20200624_11-25-43-784_sgm00581.jpg,4,4.933478
20200624_11-25-43-784_sgm00582.jpg,4,4.744796
20200624_11-25-43-784_sgm00583.jpg,4,4.562354
20200624_11-25-43-784_sgm00584.jpg,4,4.434394
20200624_11-25-43-784_sgm00585.jpg,3,3.49959
20200624_11-25-43-784_sgm00586.jpg,3,3.107254
20200624_11-25-43-784_sgm00587.jpg,3,3.055002
20200624_11-25-43-784_sgm00588.jpg,4,4.388736
20200624_11-25-43-784_sgm00589.jpg,4,4.933968
20200624_11-25-43-784_sgm00590.jpg,3,3.889991
20200624_11-25-43-784_sgm00591.jpg,3,3.525653
20200624_11-25-43-784_sgm00592.jpg,2,2.850275
20200624_11-25-43-784_sgm00593.jpg,3,3.883277
20200624_11-25-43-784_sgm00594.jpg,2,2.970071
20200624_11-25-43-784_sgm00595.jpg,2,2.651374
20200624_11-25-43-784_sgm00596.jpg,4,4.101384
20200624_11-25-43-784_sgm00597.jpg,4,4.917827
20200624_11-25-43-784_sgm00598.jpg,4,4.07365
20200624_11-25-43-784_sgm00599.jpg,2,2.677233
20200624_11-25-43-784_sgm00600.jpg,3,3.257129
20200624_11-25-43-784_sgm00601.jpg,4,4.18759
20200624_11-25-43-784_sgm00602.jpg,2,2.559093
20200624_11-25-43-784_sgm00603.jpg,3,3.520614
20200624_11-25-43-784_sgm00604.jpg,3,3.344082
20200624_11-25-43-784_sgm00605.jpg,3,3.797163
20200624_11-25-43-784_sgm00606.jpg,2,2.591938
20200624_11-25-43-784_sgm00607.jpg,3,3.075025
20200624_11-25-43-784_sgm00608.jpg,3,3.116528
20200624_11-25-43-784_sgm00609.jpg,2,2.490194
20200624_11-25-43-784_sgm00610.jpg,3,3.137075
20200624_11-25-43-784_sgm00611.jpg,4,4.188954
20200624_11-25-43-784_sgm00612.jpg,4,4.450802
20200624_11-25-43-784_sgm00613.jpg,2,2.741889
20200624_11-25-43-784_sgm00614.jpg,3,3.975239
20200624_11-25-43-784_sgm00615.jpg,3,3.504615
20200624_11-25-43-784_sgm00616.jpg,3,3.500654
20200624_11-25-43-784_sgm00617.jpg,3,3.531825
20200624_11-25-43-784_sgm00618.jpg,3,3.392088
20200624_11-25-43-784_sgm00619.jpg,3,3.33426
20200624_11-25-43-784_sgm00620.jpg,3,3.214221
20200624_11-25-43-784_sgm00621.jpg,3,3.880472
20200624_11-25-43-784_sgm00622.jpg,2,2.798496
20200624_11-25-43-784_sgm00623.jpg,2,2.664093
20200624_11-25-43-784_sgm00624.jpg,2,2.503617
20200624_11-25-43-784_sgm00625.jpg,2,2.572891
20200624_11-25-43-784_sgm00626.jpg,2,2.793587
20200624_11-25-43-784_sgm00627.jpg,5,7.54732
20200624_11-25-43-784_sgm00628.jpg,3,3.94303
20200624_11-25-43-784_sgm00629.jpg,4,4.805327
20200624_11-25-43-784_sgm00630.jpg,7,11.63137
20200624_11-54-32-591_sgm00001.jpg,4,4.948998
20200624_11-54-32-591_sgm00002.jpg,4,5.854151
20200624_11-54-32-591_sgm00003.jpg,6,8.494734
20200624_11-54-32-591_sgm00004.jpg,4,5.179146
20200624_11-54-32-591_sgm00005.jpg,2,2.318871
20200624_11-54-32-591_sgm00006.jpg,2,2.580707
20200624_11-54-32-591_sgm00007.jpg,2,2.510989
20200624_11-54-32-591_sgm00008.jpg,3,3.472373
20200624_11-54-32-591_sgm00009.jpg,3,3.222783
20200624_11-54-32-591_sgm00010.jpg,2,2.992154
20200624_11-54-32-591_sgm00011.jpg,3,3.504666
20200624_11-54-32-591_sgm00012.jpg,2,2.761785
20200624_11-54-32-591_sgm00013.jpg,3,3.167623
20200624_11-54-32-591_sgm00014.jpg,3,3.926662
20200624_11-54-32-591_sgm00015.jpg,3,3.05873
20200624_11-54-32-591_sgm00016.jpg,3,3.295064
20200624_11-54-32-591_sgm00017.jpg,2,2.909185
20200624_11-54-32-591_sgm00018.jpg,4,4.060198
20200624_11-54-32-591_sgm00019.jpg,3,3.325245
20200624_11-54-32-591_sgm00020.jpg,4,4.450441
20200624_11-54-32-591_sgm00021.jpg,3,3.265908
20200624_11-54-32-591_sgm00022.jpg,4,4.145823
20200624_11-54-32-591_sgm00023.jpg,3,3.255373
20200624_11-54-32-591_sgm00024.jpg,3,3.928628
20200624_11-54-32-591_sgm00025.jpg,3,3.608563
20200624_11-54-32-591_sgm00026.jpg,2,2.944813
20200624_11-54-32-591_sgm00027.jpg,3,3.424346
20200624_11-54-32-591_sgm00028.jpg,4,4.104516
20200624_11-54-32-591_sgm00029.jpg,2,2.851913
20200624_11-54-32-591_sgm00030.jpg,3,3.14828
20200624_11-54-32-591_sgm00031.jpg,3,3.456963
20200624_11-54-32-591_sgm00032.jpg,3,3.509077
20200624_11-54-32-591_sgm00033.jpg,3,3.467534
20200624_11-54-32-591_sgm00034.jpg,3,3.682282
20200624_11-54-32-591_sgm00035.jpg,3,3.059621
20200624_11-54-32-591_sgm00036.jpg,3,3.921542
20200624_11-54-32-591_sgm00037.jpg,4,5.806237
20200624_11-54-32-591_sgm00038.jpg,5,6.500747
20200624_11-54-32-591_sgm00039.jpg,5,6.428635
20200624_11-54-32-591_sgm00040.jpg,4,4.016896
20200624_11-54-32-591_sgm00041.jpg,4,4.297959
20200624_11-54-32-591_sgm00042.jpg,4,4.218034
20200624_11-54-32-591_sgm00043.jpg,3,3.797817
20200624_11-54-32-591_sgm00044.jpg,5,6.419209
20200624_11-54-32-591_sgm00045.jpg,3,3.95015
20200624_11-54-32-591_sgm00046.jpg,3,3.516876
20200624_11-54-32-591_sgm00047.jpg,4,4.740049
20200624_11-54-32-591_sgm00048.jpg,4,4.786663
20200624_11-54-32-591_sgm00049.jpg,3,3.659619
20200624_11-54-32-591_sgm00050.jpg,3,3.633285
20200624_11-54-32-591_sgm00051.jpg,4,4.333478
20200624_11-54-32-591_sgm00052.jpg,4,5.19038
20200624_11-54-32-591_sgm00053.jpg,4,4.112579
20200624_11-54-32-591_sgm00054.jpg,3,3.597371
20200624_11-54-32-591_sgm00055.jpg,2,2.869308
20200624_11-54-32-591_sgm00056.jpg,4,4.045095
20200624_11-54-32-591_sgm00057.jpg,3,3.654585
20200624_11-54-32-591_sgm00058.jpg,3,3.209124
20200624_11-54-32-591_sgm00059.jpg,3,3.092939
20200624_11-54-32-591_sgm00060.jpg,4,4.03463
20200624_11-54-32-591_sgm00061.jpg,3,3.628395
20200624_11-54-32-591_sgm00062.jpg,3,3.866166
20200624_11-54-32-591_sgm00063.jpg,4,4.835344
20200624_11-54-32-591_sgm00064.jpg,3,3.795247
20200624_11-54-32-591_sgm00065.jpg,2,2.934211
20200624_11-54-32-591_sgm00066.jpg,3,3.646723
20200624_11-54-32-591_sgm00067.jpg,4,4.622397
20200624_11-54-32-591_sgm00068.jpg,3,3.587988
20200624_11-54-32-591_sgm00069.jpg,3,3.850169
20200624_11-54-32-591_sgm00070.jpg,3,3.519458
20200624_11-54-32-591_sgm00071.jpg,3,3.184843
20200624_11-54-32-591_sgm00072.jpg,3,3.991076
20200624_11-54-32-591_sgm00073.jpg,5,6.107653
20200624_11-54-32-591_sgm00074.jpg,4,5.134277
20200624_11-54-32-591_sgm00075.jpg,5,6.594372
20200624_11-54-32-591_sgm00076.jpg,3,3.853112
20200624_11-54-32-591_sgm00077.jpg,4,4.942716
20200624_11-54-32-591_sgm00078.jpg,3,3.734118
20200624_11-54-32-591_sgm00079.jpg,4,4.505419
20200624_11-54-32-591_sgm00080.jpg,4,4.128075
20200624_11-54-32-591_sgm00081.jpg,4,5.050481
20200624_11-54-32-591_sgm00082.jpg,4,4.755826
20200624_11-54-32-591_sgm00083.jpg,4,4.097977
20200624_11-54-32-591_sgm00084.jpg,6,8.672968
20200624_11-54-32-591_sgm00085.jpg,3,3.620986
20200624_11-54-32-591_sgm00086.jpg,3,3.989736
20200624_11-54-32-591_sgm00087.jpg,3,3.543566
20200624_11-54-32-591_sgm00088.jpg,4,4.636981
20200624_11-54-32-591_sgm00089.jpg,4,4.504127
20200624_11-54-32-591_sgm00090.jpg,4,4.338301
20200624_11-54-32-591_sgm00091.jpg,3,3.765365
20200624_11-54-32-591_sgm00092.jpg,5,7.37256
20200624_11-54-32-591_sgm00093.jpg,3,3.160362
20200624_11-54-32-591_sgm00094.jpg,4,4.071481
20200624_11-54-32-591_sgm00095.jpg,3,3.745988
20200624_11-54-32-591_sgm00096.jpg,3,3.708383
20200624_11-54-32-591_sgm00097.jpg,4,4.633515
20200624_11-54-32-591_sgm00098.jpg,4,4.173607
20200624_11-54-32-591_sgm00099.jpg,3,3.663923
20200624_11-54-32-591_sgm00100.jpg,4,4.336326
20200624_11-54-32-591_sgm00101.jpg,2,2.832251
20200624_11-54-32-591_sgm00102.jpg,3,3.724548
20200624_11-54-32-591_sgm00103.jpg,2,2.729058
20200624_11-54-32-591_sgm00104.jpg,3,3.363689
20200624_11-54-32-591_sgm00105.jpg,4,4.656685
20200624_11-54-32-591_sgm00106.jpg,3,3.764487
20200624_11-54-32-591_sgm00107.jpg,3,3.752619
20200624_11-54-32-591_sgm00108.jpg,4,4.036852
20200624_11-54-32-591_sgm00109.jpg,4,4.583599
20200624_11-54-32-591_sgm00110.jpg,4,4.397101
20200624_11-54-32-591_sgm00111.jpg,4,4.357508
20200624_11-54-32-591_sgm00112.jpg,2,2.999849
20200624_11-54-32-591_sgm00113.jpg,3,3.409863
20200624_11-54-32-591_sgm00114.jpg,2,2.905747
20200624_11-54-32-591_sgm00115.jpg,4,4.881511
20200624_11-54-32-591_sgm00116.jpg,4,4.329508
20200624_11-54-32-591_sgm00117.jpg,3,3.232247
20200624_11-54-32-591_sgm00118.jpg,3,3.657673
20200624_11-54-32-591_sgm00119.jpg,4,4.251095
20200624_11-54-32-591_sgm00120.jpg,3,3.574141
20200624_11-54-32-591_sgm00121.jpg,4,4.174954
20200624_11-54-32-591_sgm00122.jpg,3,3.947746
20200624_11-54-32-591_sgm00123.jpg,3,3.911735
20200624_11-54-32-591_sgm00124.jpg,3,3.130093
20200624_11-54-32-591_sgm00125.jpg,3,3.862513
20200624_11-54-32-591_sgm00126.jpg,3,3.3424
20200624_11-54-32-591_sgm00127.jpg,3,3.70685
20200624_11-54-32-591_sgm00128.jpg,3,3.859839
20200624_11-54-32-591_sgm00129.jpg,3,3.745807
20200624_11-54-32-591_sgm00130.jpg,3,3.630864
20200624_11-54-32-591_sgm00131.jpg,3,3.290998
20200624_11-54-32-591_sgm00132.jpg,4,4.776554
20200624_11-54-32-591_sgm00133.jpg,3,3.910177
20200624_11-54-32-591_sgm00135.jpg,3,3.692421
20200624_11-54-32-591_sgm00136.jpg,4,5.056595
20200624_11-54-32-591_sgm00137.jpg,4,4.064995
20200624_11-54-32-591_sgm00138.jpg,3,3.547204
20200624_11-54-32-591_sgm00139.jpg,4,4.021321
20200624_11-54-32-591_sgm00140.jpg,3,3.603213
20200624_11-54-32-591_sgm00141.jpg,4,4.109696
20200624_11-54-32-591_sgm00142.jpg,3,3.537423
20200624_11-54-32-591_sgm00143.jpg,3,3.55222
20200624_11-54-32-591_sgm00144.jpg,3,3.946807
20200624_11-54-32-591_sgm00145.jpg,4,5.598175
20200624_11-54-32-591_sgm00146.jpg,5,6.330381
20200624_11-54-32-591_sgm00147.jpg,4,5.209425
20200624_11-54-32-591_sgm00148.jpg,4,5.281947
20200624_11-54-32-591_sgm00149.jpg,4,4.12065
20200624_11-54-32-591_sgm00150.jpg,4,4.505086
20200624_11-54-32-591_sgm00151.jpg,3,3.662292
20200624_11-54-32-591_sgm00152.jpg,4,4.627706
20200624_11-54-32-591_sgm00153.jpg,4,4.494812
20200624_11-54-32-591_sgm00154.jpg,4,4.575675
20200624_11-54-32-591_sgm00155.jpg,4,5.155405
20200624_11-54-32-591_sgm00156.jpg,3,3.23797
20200624_11-54-32-591_sgm00157.jpg,3,3.906481
20200624_11-54-32-591_sgm00158.jpg,2,2.979076
20200624_11-54-32-591_sgm00159.jpg,4,4.844664
20200624_11-54-32-591_sgm00160.jpg,5,6.70113
20200624_11-54-32-591_sgm00161.jpg,4,4.906314
20200624_11-54-32-591_sgm00162.jpg,3,3.550318
20200624_11-54-32-591_sgm00163.jpg,4,4.308238
20200624_11-54-32-591_sgm00164.jpg,4,5.099024
20200624_11-54-32-591_sgm00165.jpg,3,3.60216
20200624_11-54-32-591_sgm00166.jpg,4,4.906659
20200624_11-54-32-591_sgm00167.jpg,3,3.914184
20200624_11-54-32-591_sgm00168.jpg,4,4.066206
20200624_11-54-32-591_sgm00169.jpg,3,3.855001
20200624_11-54-32-591_sgm00170.jpg,4,4.140371
20200624_11-54-32-591_sgm00171.jpg,4,4.200711
20200624_11-54-32-591_sgm00172.jpg,4,4.432611
20200624_11-54-32-591_sgm00173.jpg,4,4.005367
20200624_11-54-32-591_sgm00174.jpg,3,3.161467
20200624_11-54-32-591_sgm00175.jpg,3,3.714786
20200624_11-54-32-591_sgm00176.jpg,4,5.289396
20200624_11-54-32-591_sgm00177.jpg,4,5.458261
20200624_11-54-32-591_sgm00178.jpg,3,3.815295
20200624_11-54-32-591_sgm00179.jpg,4,4.840411
20200624_11-54-32-591_sgm00180.jpg,3,3.219486
20200624_11-54-32-591_sgm00181.jpg,2,2.431334
20200624_11-54-32-591_sgm00182.jpg,4,4.707774
20200624_11-54-32-591_sgm00183.jpg,4,4.056159
20200624_11-54-32-591_sgm00184.jpg,4,5.221871
20200624_11-54-32-591_sgm00185.jpg,3,3.55083
20200624_11-54-32-591_sgm00186.jpg,4,4.019387
20200624_11-54-32-591_sgm00187.jpg,3,3.845973
20200624_11-54-32-591_sgm00188.jpg,3,3.914461
20200624_11-54-32-591_sgm00189.jpg,2,2.971282
20200624_11-54-32-591_sgm00190.jpg,3,3.860597
20200624_11-54-32-591_sgm00191.jpg,4,4.070022
20200624_11-54-32-591_sgm00192.jpg,3,3.372895
20200624_11-54-32-591_sgm00193.jpg,3,3.362281
20200624_11-54-32-591_sgm00194.jpg,3,3.057431
20200624_11-54-32-591_sgm00195.jpg,2,2.775539
20200624_11-54-32-591_sgm00196.jpg,4,4.825016
20200624_11-54-32-591_sgm00197.jpg,4,5.137645
20200624_11-54-32-591_sgm00198.jpg,4,4.989343
20200624_11-54-32-591_sgm00199.jpg,4,5.179421
20200624_11-54-32-591_sgm00200.jpg,4,5.782725
20200624_11-54-32-591_sgm00201.jpg,4,4.142495
20200624_11-54-32-591_sgm00202.jpg,4,4.067545
20200624_11-54-32-591_sgm00203.jpg,4,4.619221
20200624_11-54-32-591_sgm00204.jpg,4,4.540102
20200624_11-54-32-591_sgm00205.jpg,3,3.403651
20200624_11-54-32-591_sgm00206.jpg,4,4.530716
20200624_11-54-32-591_sgm00207.jpg,3,3.604441
20200624_11-54-32-591_sgm00208.jpg,3,3.795481
20200624_11-54-32-591_sgm00209.jpg,3,3.234018
20200624_11-54-32-591_sgm00210.jpg,4,4.082844
20200624_11-54-32-591_sgm00211.jpg,3,3.66484
20200624_11-54-32-591_sgm00212.jpg,4,4.814157
20200624_11-54-32-591_sgm00213.jpg,4,4.530825
20200624_11-54-32-591_sgm00214.jpg,4,4.615614
20200624_11-54-32-591_sgm00215.jpg,4,4.252857
20200624_11-54-32-591_sgm00216.jpg,3,3.626376
20200624_11-54-32-591_sgm00217.jpg,4,4.27813
20200624_11-54-32-591_sgm00218.jpg,4,4.001826
20200624_11-54-32-591_sgm00219.jpg,3,3.305035
20200624_11-54-32-591_sgm00220.jpg,4,4.906087
20200624_11-54-32-591_sgm00221.jpg,4,4.23389
20200624_11-54-32-591_sgm00222.jpg,4,4.500479
20200624_11-54-32-591_sgm00223.jpg,4,4.102321
20200624_11-54-32-591_sgm00224.jpg,4,4.471556
20200624_11-54-32-591_sgm00225.jpg,3,3.127946
20200624_11-54-32-591_sgm00226.jpg,4,4.143991
20200624_11-54-32-591_sgm00227.jpg,3,3.828355
20200624_11-54-32-591_sgm00228.jpg,3,3.572119
20200624_11-54-32-591_sgm00229.jpg,3,3.898566
20200624_11-54-32-591_sgm00230.jpg,4,4.234567
20200624_11-54-32-591_sgm00231.jpg,3,3.474295
20200624_11-54-32-591_sgm00232.jpg,3,3.103906
20200624_11-54-32-591_sgm00233.jpg,3,3.699947
20200624_11-54-32-591_sgm00234.jpg,3,3.981132
20200624_11-54-32-591_sgm00235.jpg,3,3.520014
20200624_11-54-32-591_sgm00236.jpg,4,4.172346
20200624_11-54-32-591_sgm00237.jpg,2,2.88785
20200624_11-54-32-591_sgm00238.jpg,3,3.295327
20200624_11-54-32-591_sgm00239.jpg,3,3.534595
20200624_11-54-32-591_sgm00240.jpg,2,2.958591
20200624_11-54-32-591_sgm00241.jpg,4,4.192589
20200624_11-54-32-591_sgm00242.jpg,4,4.199682
20200624_11-54-32-591_sgm00243.jpg,3,3.485392
20200624_11-54-32-591_sgm00244.jpg,4,4.011377
20200624_11-54-32-591_sgm00245.jpg,3,3.74777
20200624_11-54-32-591_sgm00246.jpg,3,3.368292
20200624_11-54-32-591_sgm00247.jpg,3,3.528689
20200624_11-54-32-591_sgm00248.jpg,3,3.076024
20200624_11-54-32-591_sgm00249.jpg,3,3.193306
20200624_11-54-32-591_sgm00250.jpg,3,3.450542
20200624_11-54-32-591_sgm00251.jpg,3,3.970916
20200624_11-54-32-591_sgm00252.jpg,3,3.074156
20200624_11-54-32-591_sgm00253.jpg,2,2.68006
20200624_11-54-32-591_sgm00254.jpg,4,4.108835
20200624_11-54-32-591_sgm00255.jpg,4,4.781803
20200624_11-54-32-591_sgm00256.jpg,3,3.675504
20200624_11-54-32-591_sgm00257.jpg,3,3.86897
20200624_11-54-32-591_sgm00258.jpg,3,3.213935
20200624_11-54-32-591_sgm00259.jpg,4,5.090704
20200624_11-54-32-591_sgm00260.jpg,3,3.968702
20200624_11-54-32-591_sgm00261.jpg,4,4.363232
20200624_11-54-32-591_sgm00262.jpg,4,4.588493
20200624_11-54-32-591_sgm00263.jpg,3,3.620107
20200624_11-54-32-591_sgm00264.jpg,3,3.001433
20200624_11-54-32-591_sgm00265.jpg,4,4.319751
20200624_11-54-32-591_sgm00266.jpg,4,4.707435
20200624_11-54-32-591_sgm00267.jpg,3,3.141264
20200624_11-54-32-591_sgm00268.jpg,3,3.438779
20200624_11-54-32-591_sgm00269.jpg,3,3.704433
20200624_11-54-32-591_sgm00270.jpg,3,3.680023
20200624_11-54-32-591_sgm00271.jpg,5,6.819549
20200624_11-54-32-591_sgm00272.jpg,4,5.999352
20200624_11-54-32-591_sgm00273.jpg,3,3.62438
20200624_11-54-32-591_sgm00274.jpg,3,3.518587
20200624_11-54-32-591_sgm00275.jpg,4,4.034915
20200624_11-54-32-591_sgm00276.jpg,4,4.379533
20200624_11-54-32-591_sgm00277.jpg,4,4.372989
20200624_11-54-32-591_sgm00278.jpg,3,3.256715
20200624_11-54-32-591_sgm00279.jpg,3,3.192647
20200624_11-54-32-591_sgm00280.jpg,3,3.693296
20200624_11-54-32-591_sgm00281.jpg,4,4.630157
20200624_11-54-32-591_sgm00282.jpg,4,4.553445
20200624_11-54-32-591_sgm00283.jpg,3,3.900121
20200624_11-54-32-591_sgm00284.jpg,4,4.482368
20200624_11-54-32-591_sgm00285.jpg,4,4.310794
20200624_11-54-32-591_sgm00286.jpg,2,2.848267
20200624_11-54-32-591_sgm00287.jpg,3,3.893149
20200624_11-54-32-591_sgm00288.jpg,4,4.154294
20200624_11-54-32-591_sgm00289.jpg,3,3.68531
20200624_11-54-32-591_sgm00290.jpg,3,3.711973
20200624_11-54-32-591_sgm00291.jpg,4,4.352089
20200624_11-54-32-591_sgm00292.jpg,3,3.692412
20200624_11-54-32-591_sgm00293.jpg,2,2.595062
20200624_11-54-32-591_sgm00294.jpg,3,3.776839
20200624_11-54-32-591_sgm00295.jpg,4,4.187398
20200624_11-54-32-591_sgm00296.jpg,4,4.767986
20200624_11-54-32-591_sgm00297.jpg,3,3.886033
20200624_11-54-32-591_sgm00298.jpg,3,3.657928
20200624_11-54-32-591_sgm00299.jpg,4,4.100173
20200624_11-54-32-591_sgm00300.jpg,3,3.741691
20200624_11-54-32-591_sgm00301.jpg,3,3.819995
20200624_11-54-32-591_sgm00302.jpg,3,3.760753
20200624_11-54-32-591_sgm00303.jpg,3,3.443155
20200624_11-54-32-591_sgm00304.jpg,3,3.333304
20200624_11-54-32-591_sgm00305.jpg,3,3.875193
20200624_11-54-32-591_sgm00306.jpg,3,3.404591
20200624_11-54-32-591_sgm00307.jpg,4,4.7871
20200624_11-54-32-591_sgm00308.jpg,4,4.004501
20200624_11-54-32-591_sgm00309.jpg,3,3.029643
20200624_11-54-32-591_sgm00310.jpg,3,3.871557
20200624_11-54-32-591_sgm00311.jpg,3,3.846733
20200624_11-54-32-591_sgm00312.jpg,3,3.236261
20200624_11-54-32-591_sgm00313.jpg,4,4.06696
20200624_11-54-32-591_sgm00314.jpg,3,3.923937
20200624_11-54-32-591_sgm00315.jpg,3,3.225914
20200624_11-54-32-591_sgm00316.jpg,3,3.62739
20200624_11-54-32-591_sgm00317.jpg,3,3.916145
20200624_11-54-32-591_sgm00318.jpg,3,3.369178
20200624_11-54-32-591_sgm00319.jpg,2,2.915458
20200624_11-54-32-591_sgm00320.jpg,3,3.263089
20200624_11-54-32-591_sgm00321.jpg,3,3.625575
20200624_11-54-32-591_sgm00322.jpg,3,3.160877
20200624_11-54-32-591_sgm00323.jpg,3,3.252759
20200624_11-54-32-591_sgm00324.jpg,2,2.716825
20200624_11-54-32-591_sgm00325.jpg,3,3.252809
20200624_11-54-32-591_sgm00326.jpg,4,5.532834
20200624_11-54-32-591_sgm00327.jpg,3,3.535729
20200624_11-54-32-591_sgm00328.jpg,3,3.329869
20200624_11-54-32-591_sgm00329.jpg,4,4.109496
20200624_11-54-32-591_sgm00330.jpg,3,3.12004
20200624_11-54-32-591_sgm00331.jpg,3,3.542424
20200624_11-54-32-591_sgm00332.jpg,3,3.258163
20200624_11-54-32-591_sgm00333.jpg,3,3.353615
20200624_11-54-32-591_sgm00334.jpg,3,3.393912
20200624_11-54-32-591_sgm00335.jpg,3,3.308369
20200624_11-54-32-591_sgm00336.jpg,3,3.580456
20200624_11-54-32-591_sgm00337.jpg,4,4.451939
20200624_11-54-32-591_sgm00338.jpg,4,4.450689
20200624_11-54-32-591_sgm00339.jpg,2,2.754158
20200624_11-54-32-591_sgm00340.jpg,3,3.584275
20200624_11-54-32-591_sgm00341.jpg,4,4.132225
20200624_11-54-32-591_sgm00342.jpg,4,4.672906
20200624_11-54-32-591_sgm00343.jpg,3,3.934577
20200624_11-54-32-591_sgm00344.jpg,4,4.715412
20200624_11-54-32-591_sgm00345.jpg,4,4.90483
20200624_11-54-32-591_sgm00346.jpg,3,3.864674
20200624_11-54-32-591_sgm00347.jpg,4,4.794678
20200624_11-54-32-591_sgm00348.jpg,3,3.808956
20200624_11-54-32-591_sgm00349.jpg,3,3.865693
20200624_11-54-32-591_sgm00350.jpg,3,3.737909
20200624_11-54-32-591_sgm00351.jpg,4,4.487147
20200624_11-54-32-591_sgm00352.jpg,3,3.785757
20200624_11-54-32-591_sgm00353.jpg,2,2.826113
20200624_11-54-32-591_sgm00354.jpg,3,3.046861
20200624_11-54-32-591_sgm00355.jpg,4,4.165658
20200624_11-54-32-591_sgm00356.jpg,4,4.117022
20200624_11-54-32-591_sgm00357.jpg,3,3.234368
20200624_11-54-32-591_sgm00358.jpg,3,3.908006
20200624_11-54-32-591_sgm00359.jpg,4,4.587221
20200624_11-54-32-591_sgm00360.jpg,4,4.155517
20200624_11-54-32-591_sgm00361.jpg,4,4.150639
20200624_11-54-32-591_sgm00362.jpg,4,4.32615
20200624_11-54-32-591_sgm00363.jpg,4,4.415332
20200624_11-54-32-591_sgm00364.jpg,3,3.960418
20200624_11-54-32-591_sgm00365.jpg,4,5.819992
20200624_11-54-32-591_sgm00366.jpg,4,4.705117
20200624_11-54-32-591_sgm00367.jpg,3,3.432651
20200624_11-54-32-591_sgm00368.jpg,4,4.700608
20200624_11-54-32-591_sgm00369.jpg,3,3.900273
20200624_11-54-32-591_sgm00370.jpg,3,3.911588
20200624_11-54-32-591_sgm00371.jpg,3,3.467721
20200624_11-54-32-591_sgm00372.jpg,4,4.232222
20200624_11-54-32-591_sgm00373.jpg,3,3.573381
20200624_11-54-32-591_sgm00374.jpg,3,3.851999
20200624_11-54-32-591_sgm00375.jpg,4,4.391728
20200624_11-54-32-591_sgm00376.jpg,4,4.146508
20200624_11-54-32-591_sgm00377.jpg,4,4.08213
20200624_11-54-32-591_sgm00378.jpg,4,4.915444
20200624_11-54-32-591_sgm00379.jpg,4,5.17917
20200624_11-54-32-591_sgm00380.jpg,4,4.416012
20200624_11-54-32-591_sgm00381.jpg,3,3.608602
20200624_11-54-32-591_sgm00382.jpg,4,4.003031
20200624_11-54-32-591_sgm00383.jpg,4,5.025535
20200624_11-54-32-591_sgm00384.jpg,3,3.27974
20200624_11-54-32-591_sgm00385.jpg,4,4.414654
20200624_11-54-32-591_sgm00386.jpg,3,3.64778
20200624_11-54-32-591_sgm00387.jpg,4,4.04915
20200624_11-54-32-591_sgm00388.jpg,4,4.42963
20200624_11-54-32-591_sgm00389.jpg,4,4.240089
20200624_11-54-32-591_sgm00390.jpg,3,3.77667
20200624_11-54-32-591_sgm00391.jpg,3,3.276026
20200624_11-54-32-591_sgm00392.jpg,3,3.534142
20200624_11-54-32-591_sgm00393.jpg,3,3.51265
20200624_11-54-32-591_sgm00394.jpg,4,5.075442
20200624_11-54-32-591_sgm00395.jpg,4,4.378135
20200624_11-54-32-591_sgm00396.jpg,3,3.548786
20200624_11-54-32-591_sgm00397.jpg,3,3.199745
20200624_11-54-32-591_sgm00398.jpg,3,3.403593
20200624_11-54-32-591_sgm00399.jpg,3,3.756029
20200624_11-54-32-591_sgm00400.jpg,3,3.810501
20200624_11-54-32-591_sgm00401.jpg,4,4.682758
20200624_11-54-32-591_sgm00402.jpg,4,4.02379
20200624_11-54-32-591_sgm00403.jpg,5,6.464232
20200624_11-54-32-591_sgm00404.jpg,5,7.639376
20200624_11-54-32-591_sgm00405.jpg,4,5.225566
20200624_11-54-32-591_sgm00406.jpg,4,5.210412
20200624_11-54-32-591_sgm00407.jpg,4,4.924203
20200624_11-54-32-591_sgm00408.jpg,4,5.705659
20200624_11-54-32-591_sgm00409.jpg,4,4.762395
20200624_11-54-32-591_sgm00410.jpg,3,3.777174
20200624_11-54-32-591_sgm00411.jpg,4,4.275839
20200624_11-54-32-591_sgm00412.jpg,3,3.412049
20200624_11-54-32-591_sgm00413.jpg,4,4.322988
20200624_11-54-32-591_sgm00414.jpg,4,4.422796
20200624_11-54-32-591_sgm00415.jpg,3,3.760523
20200624_11-54-32-591_sgm00416.jpg,4,4.851151
20200624_11-54-32-591_sgm00417.jpg,4,4.224714
20200624_11-54-32-591_sgm00418.jpg,3,3.805352
20200624_11-54-32-591_sgm00419.jpg,3,3.118793
20200624_11-54-32-591_sgm00420.jpg,3,3.229127
20200624_11-54-32-591_sgm00421.jpg,3,3.777134
20200624_11-54-32-591_sgm00422.jpg,3,3.727653
20200624_11-54-32-591_sgm00423.jpg,3,3.118878
20200624_11-54-32-591_sgm00424.jpg,3,3.033433
20200624_11-54-32-591_sgm00425.jpg,4,4.351912
20200624_11-54-32-591_sgm00426.jpg,4,5.546372
20200624_11-54-32-591_sgm00427.jpg,4,4.313574
20200624_11-54-32-591_sgm00428.jpg,4,4.40197
20200624_11-54-32-591_sgm00429.jpg,3,3.412609
20200624_11-54-32-591_sgm00430.jpg,4,5.087911
20200624_11-54-32-591_sgm00431.jpg,4,4.1684
20200624_11-54-32-591_sgm00432.jpg,3,3.889152
20200624_11-54-32-591_sgm00433.jpg,4,4.992661
20200624_11-54-32-591_sgm00434.jpg,3,3.154769
20200624_11-54-32-591_sgm00435.jpg,4,4.047732
20200624_11-54-32-591_sgm00436.jpg,4,4.430923
20200624_11-54-32-591_sgm00437.jpg,3,3.458254
20200624_11-54-32-591_sgm00438.jpg,3,3.583877
20200624_11-54-32-591_sgm00439.jpg,4,4.41546
20200624_11-54-32-591_sgm00440.jpg,3,3.395675
20200624_11-54-32-591_sgm00441.jpg,4,5.89326
20200624_11-54-32-591_sgm00442.jpg,3,3.793444
20200624_11-54-32-591_sgm00443.jpg,4,4.437057
20200624_11-54-32-591_sgm00444.jpg,4,4.732722
20200624_11-54-32-591_sgm00445.jpg,4,5.248839
20200624_11-54-32-591_sgm00446.jpg,4,4.339941
20200624_11-54-32-591_sgm00447.jpg,3,3.25511
20200624_11-54-32-591_sgm00448.jpg,4,4.970825
20200624_11-54-32-591_sgm00449.jpg,5,6.26206
20200624_11-54-32-591_sgm00450.jpg,3,3.841009
20200624_11-54-32-591_sgm00451.jpg,2,2.735266
20200624_11-54-32-591_sgm00452.jpg,4,4.162451
20200624_11-54-32-591_sgm00453.jpg,3,3.488163
20200624_11-54-32-591_sgm00454.jpg,3,3.519948
20200624_11-54-32-591_sgm00455.jpg,3,3.655543
20200624_11-54-32-591_sgm00456.jpg,3,3.496
20200624_11-54-32-591_sgm00457.jpg,3,3.040339
20200624_11-54-32-591_sgm00458.jpg,4,5.01236
20200624_11-54-32-591_sgm00459.jpg,4,4.328487
20200624_11-54-32-591_sgm00460.jpg,3,3.507272
20200624_11-54-32-591_sgm00461.jpg,3,3.641932
20200624_11-54-32-591_sgm00462.jpg,3,3.193851
20200624_11-54-32-591_sgm00463.jpg,4,4.459059
20200624_11-54-32-591_sgm00464.jpg,3,3.975126
20200624_11-54-32-591_sgm00465.jpg,3,3.365544
20200624_11-54-32-591_sgm00466.jpg,3,3.935502
20200624_11-54-32-591_sgm00467.jpg,3,3.184983
20200624_11-54-32-591_sgm00468.jpg,3,3.466298
20200624_11-54-32-591_sgm00469.jpg,3,3.427256
20200624_11-54-32-591_sgm00470.jpg,4,4.045762
20200624_11-54-32-591_sgm00471.jpg,3,3.211432
20200624_11-54-32-591_sgm00472.jpg,3,3.495326
20200624_11-54-32-591_sgm00473.jpg,3,3.273835
20200624_11-54-32-591_sgm00474.jpg,3,3.025846
20200624_11-54-32-591_sgm00475.jpg,4,4.1018
20200624_11-54-32-591_sgm00476.jpg,5,6.072325
20200624_11-54-32-591_sgm00477.jpg,4,4.902092
20200624_11-54-32-591_sgm00478.jpg,4,5.421103
20200624_11-54-32-591_sgm00479.jpg,4,4.172746
20200624_11-54-32-591_sgm00480.jpg,4,5.592532
20200624_11-54-32-591_sgm00481.jpg,4,4.287311
20200624_11-54-32-591_sgm00482.jpg,4,4.67477
20200624_11-54-32-591_sgm00483.jpg,4,5.280118
20200624_11-54-32-591_sgm00484.jpg,4,4.089354
20200624_11-54-32-591_sgm00485.jpg,3,3.671826
20200624_11-54-32-591_sgm00486.jpg,4,4.461483
20200624_11-54-32-591_sgm00487.jpg,3,3.89397
20200624_11-54-32-591_sgm00488.jpg,3,3.788848
20200624_11-54-32-591_sgm00489.jpg,4,4.476886
20200624_11-54-32-591_sgm00490.jpg,4,5.04198
20200624_11-54-32-591_sgm00491.jpg,4,4.385266
20200624_11-54-32-591_sgm00492.jpg,4,4.996117
20200624_11-54-32-591_sgm00493.jpg,4,5.144479
20200624_11-54-32-591_sgm00494.jpg,4,4.854867
20200624_11-54-32-591_sgm00495.jpg,3,3.945918
20200624_11-54-32-591_sgm00496.jpg,4,4.517625
20200624_11-54-32-591_sgm00497.jpg,4,4.679195
20200624_11-54-32-591_sgm00498.jpg,4,5.217951
20200624_11-54-32-591_sgm00499.jpg,4,4.842587
20200624_11-54-32-591_sgm00500.jpg,4,4.392392
20200624_11-54-32-591_sgm00501.jpg,4,4.898795
20200624_11-54-32-591_sgm00502.jpg,4,4.832807
20200624_11-54-32-591_sgm00503.jpg,4,4.131072
20200624_11-54-32-591_sgm00504.jpg,3,3.413374
20200624_11-54-32-591_sgm00505.jpg,3,3.653331
20200624_11-54-32-591_sgm00506.jpg,3,3.761495
20200624_11-54-32-591_sgm00507.jpg,4,4.424973
20200624_11-54-32-591_sgm00508.jpg,4,4.043478
20200624_11-54-32-591_sgm00509.jpg,3,3.952125
20200624_11-54-32-591_sgm00510.jpg,4,4.586446
20200624_11-54-32-591_sgm00511.jpg,3,3.883536
20200624_11-54-32-591_sgm00512.jpg,3,3.75689
20200624_11-54-32-591_sgm00513.jpg,4,4.732892
20200624_11-54-32-591_sgm00514.jpg,2,2.760614
20200624_11-54-32-591_sgm00515.jpg,4,4.090624
20200624_11-54-32-591_sgm00516.jpg,3,3.404387
20200624_11-54-32-591_sgm00517.jpg,3,3.978511
20200624_11-54-32-591_sgm00518.jpg,4,4.072826
20200624_11-54-32-591_sgm00519.jpg,3,3.691458
20200624_11-54-32-591_sgm00520.jpg,3,3.922762
20200624_11-54-32-591_sgm00521.jpg,4,4.173045
20200624_11-54-32-591_sgm00522.jpg,3,3.932181
20200624_11-54-32-591_sgm00523.jpg,3,3.756949
20200624_11-54-32-591_sgm00524.jpg,3,3.304922
20200624_11-54-32-591_sgm00525.jpg,4,4.965137
20200624_11-54-32-591_sgm00526.jpg,4,4.062679
20200624_11-54-32-591_sgm00527.jpg,3,3.553363
20200624_11-54-32-591_sgm00528.jpg,3,3.929552
20200624_11-54-32-591_sgm00529.jpg,3,3.702377
20200624_11-54-32-591_sgm00530.jpg,3,3.208831
20200624_11-54-32-591_sgm00531.jpg,3,3.82518
20200624_11-54-32-591_sgm00532.jpg,4,4.868648
20200624_11-54-32-591_sgm00533.jpg,4,4.108632
20200624_11-54-32-591_sgm00534.jpg,3,3.459847
20200624_11-54-32-591_sgm00535.jpg,4,5.225657
20200624_11-54-32-591_sgm00536.jpg,4,4.228835
20200624_11-54-32-591_sgm00537.jpg,4,4.077088
20200624_11-54-32-591_sgm00538.jpg,3,3.874649
20200624_11-54-32-591_sgm00539.jpg,3,3.892035
20200624_11-54-32-591_sgm00540.jpg,3,3.94733
20200624_11-54-32-591_sgm00541.jpg,3,3.046871
20200624_11-54-32-591_sgm00542.jpg,3,3.967568
20200624_11-54-32-591_sgm00543.jpg,2,2.853632
20200624_11-54-32-591_sgm00544.jpg,2,2.935701
20200624_11-54-32-591_sgm00545.jpg,3,3.902727
20200624_11-54-32-591_sgm00546.jpg,4,4.47694
20200624_11-54-32-591_sgm00547.jpg,4,4.172784
20200624_11-54-32-591_sgm00548.jpg,3,3.478399
20200624_11-54-32-591_sgm00549.jpg,4,4.498926
20200624_11-54-32-591_sgm00550.jpg,4,4.732495
20200624_11-54-32-591_sgm00551.jpg,3,3.072162
20200624_11-54-32-591_sgm00552.jpg,3,3.709355
20200624_11-54-32-591_sgm00553.jpg,3,3.965792
20200624_11-54-32-591_sgm00554.jpg,4,4.749007
20200624_11-54-32-591_sgm00555.jpg,2,2.678331
20200624_11-54-32-591_sgm00556.jpg,3,3.127455
20200624_11-54-32-591_sgm00557.jpg,4,4.132863
20200624_11-54-32-591_sgm00558.jpg,4,4.644738
20200624_11-54-32-591_sgm00559.jpg,3,3.506556
20200624_11-54-32-591_sgm00560.jpg,3,3.462855
20200624_11-54-32-591_sgm00561.jpg,4,4.026844
20200624_11-54-32-591_sgm00562.jpg,3,3.905372
20200624_11-54-32-591_sgm00563.jpg,4,4.382791
20200624_11-54-32-591_sgm00564.jpg,2,2.828936
20200624_11-54-32-591_sgm00565.jpg,4,4.155596
20200624_11-54-32-591_sgm00566.jpg,3,3.35602
20200624_11-54-32-591_sgm00567.jpg,3,3.738542
20200624_11-54-32-591_sgm00568.jpg,4,4.206957
20200624_11-54-32-591_sgm00569.jpg,3,3.012156
20200624_11-54-32-591_sgm00570.jpg,3,3.778367
20200624_11-54-32-591_sgm00571.jpg,4,4.012347
20200624_11-54-32-591_sgm00572.jpg,3,3.53849
20200624_11-54-32-591_sgm00573.jpg,3,3.576194
20200624_11-54-32-591_sgm00574.jpg,4,4.122729
20200624_11-54-32-591_sgm00575.jpg,2,2.917404
20200624_11-54-32-591_sgm00576.jpg,4,5.565168
20200624_11-54-32-591_sgm00577.jpg,4,4.801088
20200624_11-54-32-591_sgm00578.jpg,4,4.036699
20200624_11-54-32-591_sgm00579.jpg,4,4.553596
20200624_11-54-32-591_sgm00580.jpg,2,2.997816
20200624_11-54-32-591_sgm00581.jpg,3,3.317045
20200624_11-54-32-591_sgm00582.jpg,4,4.302324
20200624_11-54-32-591_sgm00583.jpg,4,5.269668
20200624_11-54-32-591_sgm00584.jpg,4,4.984501
20200624_11-54-32-591_sgm00585.jpg,4,4.416997
20200624_11-54-32-591_sgm00586.jpg,4,5.013403
20200624_11-54-32-591_sgm00587.jpg,3,3.241634
20200624_11-54-32-591_sgm00588.jpg,4,4.099538
20200624_11-54-32-591_sgm00589.jpg,4,4.343392
20200624_11-54-32-591_sgm00590.jpg,4,4.507514
20200624_11-54-32-591_sgm00591.jpg,4,5.801501
20200624_11-54-32-591_sgm00592.jpg,4,4.503843
20200624_11-54-32-591_sgm00593.jpg,4,4.463367
20200624_11-54-32-591_sgm00594.jpg,4,5.942708
20200624_11-54-32-591_sgm00595.jpg,4,5.293829
20200624_11-54-32-591_sgm00596.jpg,4,4.184591
20200624_11-54-32-591_sgm00597.jpg,3,3.954358
20200624_11-54-32-591_sgm00598.jpg,4,4.314
20200624_11-54-32-591_sgm00599.jpg,4,4.602808
20200624_11-54-32-591_sgm00600.jpg,3,3.983239
20200624_11-54-32-591_sgm00601.jpg,4,4.102285
20200624_11-54-32-591_sgm00602.jpg,4,4.333231
20200624_11-54-32-591_sgm00603.jpg,4,5.504226
20200624_11-54-32-591_sgm00604.jpg,4,4.379364
20200624_11-54-32-591_sgm00605.jpg,3,3.815636
20200624_11-54-32-591_sgm00606.jpg,4,4.413775
20200624_11-54-32-591_sgm00607.jpg,3,3.945405
20200624_11-54-32-591_sgm00608.jpg,4,4.32777
20200624_11-54-32-591_sgm00609.jpg,5,7.133549
20200624_11-54-32-591_sgm00610.jpg,4,5.321674
20200624_11-54-32-591_sgm00611.jpg,4,5.314884
20200624_11-54-32-591_sgm00612.jpg,4,5.014966
20200624_11-54-32-591_sgm00613.jpg,4,5.906319
20200624_11-54-32-591_sgm00614.jpg,4,5.567101
20200624_11-54-32-591_sgm00615.jpg,4,5.377943
20200624_11-54-32-591_sgm00616.jpg,4,4.151537
20200624_11-54-32-591_sgm00617.jpg,3,3.950955
20200624_11-54-32-591_sgm00618.jpg,4,4.272264
20200624_11-54-32-591_sgm00619.jpg,4,4.324241
20200624_11-54-32-591_sgm00620.jpg,4,5.589845
20200624_11-54-32-591_sgm00621.jpg,3,3.74671
20200624_11-54-32-591_sgm00622.jpg,3,3.759822
20200624_11-54-32-591_sgm00623.jpg,4,4.823732
20200624_11-54-32-591_sgm00624.jpg,4,4.900303
20200624_11-54-32-591_sgm00625.jpg,5,6.742347
20200624_11-54-32-591_sgm00626.jpg,4,5.320651
20200624_11-54-32-591_sgm00627.jpg,3,3.115089
20200624_11-54-32-591_sgm00628.jpg,4,4.552501
20200624_11-54-32-591_sgm00629.jpg,4,5.0885
20200624_11-54-32-591_sgm00630.jpg,4,4.482408
20200624_11-54-32-591_sgm00631.jpg,4,4.481782
20200624_11-54-32-591_sgm00632.jpg,2,2.740678
20200624_11-54-32-591_sgm00633.jpg,4,5.210208
20200624_11-54-32-591_sgm00634.jpg,5,6.097978
20200624_11-54-32-591_sgm00635.jpg,4,4.577027
20200624_11-54-32-591_sgm00636.jpg,3,3.384001
20200624_11-54-32-591_sgm00637.jpg,4,5.085832
20200624_11-54-32-591_sgm00638.jpg,5,6.085289
20200624_11-54-32-591_sgm00639.jpg,5,6.191106
20200624_11-54-32-591_sgm00640.jpg,5,6.676306
20200624_11-54-32-591_sgm00641.jpg,4,5.520477
20200624_11-54-32-591_sgm00642.jpg,4,5.161726
20200624_11-54-32-591_sgm00643.jpg,4,5.17412
20200624_11-54-32-591_sgm00644.jpg,4,4.721988
20200624_11-54-32-591_sgm00645.jpg,4,4.839552
20200624_11-54-32-591_sgm00646.jpg,3,3.907423
20200624_11-54-32-591_sgm00647.jpg,4,4.643024
20200624_11-54-32-591_sgm00648.jpg,4,4.340938
20200624_11-54-32-591_sgm00649.jpg,5,6.087446
20200624_11-54-32-591_sgm00650.jpg,4,4.593818
20200624_11-54-32-591_sgm00651.jpg,3,3.597979
20200624_11-54-32-591_sgm00652.jpg,3,3.005481
20200624_11-54-32-591_sgm00653.jpg,4,4.530362
20200624_11-54-32-591_sgm00654.jpg,4,4.074027
20200624_11-54-32-591_sgm00655.jpg,3,3.537947
20200624_11-54-32-591_sgm00656.jpg,3,3.612489
20200624_11-54-32-591_sgm00657.jpg,4,4.162339
20200624_11-54-32-591_sgm00658.jpg,4,5.063823
20200624_11-54-32-591_sgm00659.jpg,3,3.906052
20200624_11-54-32-591_sgm00660.jpg,3,3.118067
20200624_11-54-32-591_sgm00661.jpg,2,2.524134
20200624_11-54-32-591_sgm00662.jpg,3,3.657535
20200624_11-54-32-591_sgm00663.jpg,3,3.549083
20200624_11-54-32-591_sgm00664.jpg,4,4.112226
20200624_11-54-32-591_sgm00665.jpg,3,3.159829
20200624_11-54-32-591_sgm00666.jpg,4,4.442728
20200624_11-54-32-591_sgm00667.jpg,2,2.906111
20200624_11-54-32-591_sgm00668.jpg,2,2.710462
20200624_11-54-32-591_sgm00669.jpg,3,3.996991
20200624_11-54-32-591_sgm00670.jpg,5,6.281545
20200624_11-54-32-591_sgm00671.jpg,4,5.138714
20200624_11-54-32-591_sgm00672.jpg,3,3.523455
20200624_11-54-32-591_sgm00673.jpg,3,3.369936
20200624_11-54-32-591_sgm00674.jpg,3,3.508256
20200624_11-54-32-591_sgm00675.jpg,3,3.682352
20200624_11-54-32-591_sgm00676.jpg,3,3.530844
20200624_11-54-32-591_sgm00677.jpg,3,3.519531
20200624_11-54-32-591_sgm00678.jpg,3,3.409851
20200624_11-54-32-591_sgm00679.jpg,3,3.480607
20200624_11-54-32-591_sgm00680.jpg,3,3.153967
20200624_11-54-32-591_sgm00681.jpg,2,2.929631
20200624_11-54-32-591_sgm00682.jpg,4,4.514899
20200624_11-54-32-591_sgm00683.jpg,3,3.917546
20200624_11-54-32-591_sgm00684.jpg,3,3.576182
20200624_11-54-32-591_sgm00685.jpg,4,4.224031
20200624_11-54-32-591_sgm00686.jpg,3,3.176978
20200624_11-54-32-591_sgm00687.jpg,4,4.118239
20200624_11-54-32-591_sgm00688.jpg,3,3.099721
20200624_11-54-32-591_sgm00689.jpg,3,3.176387
20200624_11-54-32-591_sgm00690.jpg,4,4.359494
20200624_11-54-32-591_sgm00691.jpg,3,3.845061
20200624_11-54-32-591_sgm00692.jpg,3,3.860479
20200624_11-54-32-591_sgm00693.jpg,3,3.644655
20200624_11-54-32-591_sgm00694.jpg,3,3.47518
20200624_11-54-32-591_sgm00695.jpg,4,4.008867
20200624_11-54-32-591_sgm00696.jpg,3,3.682721
20200624_11-54-32-591_sgm00697.jpg,4,4.040616
20200624_11-54-32-591_sgm00698.jpg,3,3.572574
20200624_11-54-32-591_sgm00699.jpg,4,4.240156
20200624_11-54-32-591_sgm00700.jpg,3,3.717546
20200624_11-54-32-591_sgm00701.jpg,3,3.089623
20200624_11-54-32-591_sgm00702.jpg,3,3.731112
20200624_11-54-32-591_sgm00703.jpg,4,4.625813
20200624_11-54-32-591_sgm00704.jpg,3,3.561228
20200624_11-54-32-591_sgm00705.jpg,4,4.260836
20200624_11-54-32-591_sgm00706.jpg,3,3.926024
20200624_11-54-32-591_sgm00707.jpg,3,3.953027
20200624_11-54-32-591_sgm00708.jpg,3,3.522352
20200624_11-54-32-591_sgm00709.jpg,4,4.455794
20200624_11-54-32-591_sgm00710.jpg,4,5.031607
20200624_11-54-32-591_sgm00711.jpg,3,3.861808
20200624_11-54-32-591_sgm00712.jpg,4,4.2824
20200624_11-54-32-591_sgm00713.jpg,3,3.413322
20200624_11-54-32-591_sgm00714.jpg,3,3.450018
20200624_11-54-32-591_sgm00715.jpg,4,4.115432
20200624_11-54-32-591_sgm00716.jpg,4,4.909363
20200624_11-54-32-591_sgm00717.jpg,4,4.757745
20200624_11-54-32-591_sgm00718.jpg,4,4.676158
20200624_11-54-32-591_sgm00719.jpg,4,4.031924
20200624_11-54-32-591_sgm00720.jpg,4,4.426167
20200624_11-54-32-591_sgm00721.jpg,4,4.721792
20200624_11-54-32-591_sgm00722.jpg,4,4.417967
20200624_11-54-32-591_sgm00723.jpg,4,4.870058
20200624_11-54-32-591_sgm00724.jpg,3,3.939381
20200624_11-54-32-591_sgm00725.jpg,3,3.165434
20200624_11-54-32-591_sgm00726.jpg,4,5.439322
20200624_11-54-32-591_sgm00727.jpg,3,3.992038
20200624_11-54-32-591_sgm00728.jpg,4,5.637051
20200624_11-54-32-591_sgm00729.jpg,3,3.792595
20200624_11-54-32-591_sgm00730.jpg,3,3.90023
20200624_11-54-32-591_sgm00731.jpg,4,4.421637
20200624_11-54-32-591_sgm00732.jpg,4,5.662883
20200624_11-54-32-591_sgm00733.jpg,4,4.397946
20200624_11-54-32-591_sgm00734.jpg,3,3.569723
20200624_11-54-32-591_sgm00735.jpg,4,4.361053
20200624_11-54-32-591_sgm00736.jpg,3,3.665897
20200624_11-54-32-591_sgm00737.jpg,4,4.278866
20200624_11-54-32-591_sgm00738.jpg,3,3.824974
20200624_11-54-32-591_sgm00739.jpg,4,4.143363
20200624_11-54-32-591_sgm00740.jpg,4,4.606475
20200624_11-54-32-591_sgm00741.jpg,3,3.808452
20200624_11-54-32-591_sgm00742.jpg,4,4.562639
20200624_11-54-32-591_sgm00743.jpg,3,3.251228
20200624_11-54-32-591_sgm00744.jpg,4,4.229865
20200624_11-54-32-591_sgm00745.jpg,3,3.232235
20200624_11-54-32-591_sgm00746.jpg,3,3.608038
20200624_11-54-32-591_sgm00747.jpg,3,3.939343
20200624_11-54-32-591_sgm00748.jpg,4,4.142117
20200624_11-54-32-591_sgm00749.jpg,3,3.953265
20200624_11-54-32-591_sgm00750.jpg,3,3.447414
20200624_11-54-32-591_sgm00751.jpg,3,3.150299
20200624_11-54-32-591_sgm00752.jpg,3,3.441257
20200624_11-54-32-591_sgm00753.jpg,4,4.628229
20200624_11-54-32-591_sgm00754.jpg,4,5.259519
20200624_11-54-32-591_sgm00755.jpg,5,6.070201
20200624_11-54-32-591_sgm00756.jpg,3,3.228906
20200624_11-54-32-591_sgm00757.jpg,4,4.205901
20200624_11-54-32-591_sgm00758.jpg,4,4.891591
20200624_11-54-32-591_sgm00759.jpg,4,4.548229
20200624_11-54-32-591_sgm00760.jpg,4,4.821853
20200624_11-54-32-591_sgm00761.jpg,4,4.829386
20200624_11-54-32-591_sgm00762.jpg,3,3.964996
20200624_11-54-32-591_sgm00763.jpg,4,4.450008
20200624_11-54-32-591_sgm00764.jpg,4,4.099343
20200624_11-54-32-591_sgm00765.jpg,4,4.148029
20200624_11-54-32-591_sgm00766.jpg,3,3.137622
20200624_11-54-32-591_sgm00767.jpg,4,4.579312
20200624_11-54-32-591_sgm00768.jpg,4,4.276163
20200624_11-54-32-591_sgm00769.jpg,4,4.62191
20200624_11-54-32-591_sgm00770.jpg,3,3.660907
20200624_11-54-32-591_sgm00771.jpg,4,4.55291
20200624_11-54-32-591_sgm00772.jpg,4,4.428888
20200624_11-54-32-591_sgm00773.jpg,4,5.10611
20200624_11-54-32-591_sgm00774.jpg,3,3.892513
20200624_11-54-32-591_sgm00775.jpg,4,4.533173
20200624_11-54-32-591_sgm00776.jpg,4,4.412568
20200624_11-54-32-591_sgm00777.jpg,4,4.251293
20200624_11-54-32-591_sgm00778.jpg,3,3.710972
20200624_11-54-32-591_sgm00779.jpg,4,4.297357
20200624_11-54-32-591_sgm00780.jpg,5,6.003382
20200624_11-54-32-591_sgm00781.jpg,4,5.652497
20200624_11-54-32-591_sgm00782.jpg,4,4.555149
20200624_11-54-32-591_sgm00783.jpg,3,3.651682
20200624_11-54-32-591_sgm00784.jpg,4,4.388691
20200624_11-54-32-591_sgm00785.jpg,4,4.190089
20200624_11-54-32-591_sgm00786.jpg,2,2.927843
20200624_11-54-32-591_sgm00787.jpg,3,3.657961
20200624_11-54-32-591_sgm00788.jpg,4,4.37563
20200624_11-54-32-591_sgm00789.jpg,4,4.992426
20200624_11-54-32-591_sgm00790.jpg,3,3.602141
20200624_11-54-32-591_sgm00791.jpg,3,3.969682
20200624_11-54-32-591_sgm00792.jpg,4,4.830854
20200624_11-54-32-591_sgm00793.jpg,4,4.975798
20200624_11-54-32-591_sgm00794.jpg,3,3.91468
20200624_11-54-32-591_sgm00795.jpg,4,4.017905
20200624_11-54-32-591_sgm00796.jpg,3,3.526475
20200624_11-54-32-591_sgm00797.jpg,3,3.79086
20200624_11-54-32-591_sgm00798.jpg,3,3.073368
20200624_11-54-32-591_sgm00799.jpg,3,3.95403
20200624_11-54-32-591_sgm00800.jpg,3,3.438543
20200624_11-54-32-591_sgm00801.jpg,4,4.646759
20200624_11-54-32-591_sgm00802.jpg,4,4.641181
20200624_11-54-32-591_sgm00803.jpg,3,3.559837
20200624_11-54-32-591_sgm00804.jpg,4,4.416169
20200624_11-54-32-591_sgm00805.jpg,4,4.215043
20200624_11-54-32-591_sgm00806.jpg,4,5.911602
20200624_11-54-32-591_sgm00807.jpg,4,4.550426
20200624_11-54-32-591_sgm00808.jpg,3,3.582927
20200624_11-54-32-591_sgm00809.jpg,3,3.012948
20200624_11-54-32-591_sgm00810.jpg,3,3.270632
20200624_11-54-32-591_sgm00811.jpg,4,4.107006
20200624_11-54-32-591_sgm00812.jpg,3,3.595976
20200624_11-54-32-591_sgm00813.jpg,3,3.300953
20200624_11-54-32-591_sgm00814.jpg,4,4.797708
20200624_11-54-32-591_sgm00815.jpg,3,3.09407
20200624_11-54-32-591_sgm00816.jpg,4,4.309721
20200624_11-54-32-591_sgm00817.jpg,3,3.2316
20200624_11-54-32-591_sgm00818.jpg,4,4.901893
20200624_11-54-32-591_sgm00819.jpg,4,4.782333
20200624_11-54-32-591_sgm00820.jpg,4,4.732752
20200624_11-54-32-591_sgm00821.jpg,4,4.106959
20200624_11-54-32-591_sgm00822.jpg,2,2.820966
20200624_11-54-32-591_sgm00823.jpg,4,4.256203
20200624_11-54-32-591_sgm00824.jpg,2,2.798365
20200624_11-54-32-591_sgm00825.jpg,3,3.510739
20200624_11-54-32-591_sgm00826.jpg,4,4.578577
20200624_11-54-32-591_sgm00827.jpg,5,6.208227
20200624_11-54-32-591_sgm00828.jpg,3,3.860684
20200624_11-54-32-591_sgm00829.jpg,4,4.512955
20200624_11-54-32-591_sgm00830.jpg,4,4.594802
20200624_11-54-32-591_sgm00831.jpg,4,5.767498
20200624_11-54-32-591_sgm00832.jpg,4,4.673303
20200624_11-54-32-591_sgm00833.jpg,3,3.125911
20200624_11-54-32-591_sgm00834.jpg,2,2.707159
20200624_11-54-32-591_sgm00835.jpg,3,3.498589
20200624_11-54-32-591_sgm00836.jpg,3,3.389588
20200624_11-54-32-591_sgm00837.jpg,5,7.942742
20200624_11-54-32-591_sgm00838.jpg,6,8.780687
20200624_11-54-32-591_sgm00839.jpg,6,9.86375
20200624_11-54-32-591_sgm00840.jpg,4,4.470783
20200624_11-54-32-591_sgm00841.jpg,4,4.322673
20200624_11-54-32-591_sgm00842.jpg,3,3.794666
20200624_11-54-32-591_sgm00843.jpg,4,4.773479
20200624_11-54-32-591_sgm00844.jpg,6,8.647931
20200624_11-54-32-591_sgm00845.jpg,5,7.039113
20200624_11-54-32-591_sgm00846.jpg,5,6.616468
20200624_11-54-32-591_sgm00847.jpg,4,5.534799
20200624_11-54-32-591_sgm00848.jpg,6,8.148361
20200624_11-54-32-591_sgm00849.jpg,5,7.691317
20200624_11-54-32-591_sgm00850.jpg,5,6.449625
20200624_11-54-32-591_sgm00851.jpg,2,2.646704
20200624_11-54-32-591_sgm00852.jpg,4,4.435138
20200624_11-54-32-591_sgm00853.jpg,3,3.810358
20200624_11-54-32-591_sgm00854.jpg,3,3.829277
20200624_11-54-32-591_sgm00855.jpg,3,3.104567
20200624_11-54-32-591_sgm00856.jpg,4,5.037806
20200624_11-54-32-591_sgm00857.jpg,4,4.087834
20200624_11-54-32-591_sgm00858.jpg,4,4.039951
20200624_11-54-32-591_sgm00859.jpg,4,4.146283
20200624_11-54-32-591_sgm00860.jpg,3,3.512651
20200624_11-54-32-591_sgm00861.jpg,2,2.919453
20200624_11-54-32-591_sgm00862.jpg,3,3.120328
20200624_11-54-32-591_sgm00863.jpg,3,3.339561
20200624_11-54-32-591_sgm00864.jpg,3,3.051081
20200624_11-54-32-591_sgm00865.jpg,3,3.856789
20200624_11-54-32-591_sgm00866.jpg,3,3.607628
20200624_11-54-32-591_sgm00867.jpg,2,2.264825
20200624_11-54-32-591_sgm00868.jpg,4,4.3175
20200624_11-54-32-591_sgm00869.jpg,3,3.796477
20200624_11-54-32-591_sgm00870.jpg,3,3.503034
20200624_11-54-32-591_sgm00871.jpg,3,3.517797
20200624_11-54-32-591_sgm00872.jpg,3,3.971484
20200624_11-54-32-591_sgm00873.jpg,3,3.233218
20200624_11-54-32-591_sgm00874.jpg,4,4.324173
20200624_11-54-32-591_sgm00875.jpg,3,3.340483
20200624_11-54-32-591_sgm00876.jpg,3,3.632882
20200624_11-54-32-591_sgm00877.jpg,3,3.074232
20200624_11-54-32-591_sgm00878.jpg,3,3.665322
20200624_11-54-32-591_sgm00879.jpg,3,3.943651
20200624_11-54-32-591_sgm00880.jpg,2,2.753613
20200624_11-54-32-591_sgm00881.jpg,3,3.202334
20200624_11-54-32-591_sgm00882.jpg,3,3.836091
20200624_11-54-32-591_sgm00883.jpg,2,2.679415
20200624_11-54-32-591_sgm00884.jpg,3,3.632906
20200624_11-54-32-591_sgm00885.jpg,3,3.036418
20200624_11-54-32-591_sgm00886.jpg,4,4.288898
20200624_11-54-32-591_sgm00887.jpg,3,3.397968
20200624_11-54-32-591_sgm00888.jpg,2,2.805588
