Filename	Target	Prediction	Confidence
20190814_14-44-24-433_sgm00055.jpg	0	1	0,4323762699856406
20190814_14-44-24-433_sgm00062.jpg	0	0	0,5816465662998549
20190814_14-44-24-433_sgm00095.jpg	0	1	0,4650508108483885
20190814_14-44-24-433_sgm00097.jpg	0	0	0,5948925429776382
20190814_14-44-24-433_sgm00098.jpg	0	0	0,5051582959749128
20190814_14-44-24-433_sgm00102.jpg	0	0	0,5789798004266861
20190814_14-44-24-433_sgm00103.jpg	0	0	0,4736010811386555
20190814_14-44-24-433_sgm00104.jpg	0	1	0,47912125216157375
20190814_14-44-24-433_sgm00185.jpg	0	1	0,6724669350158599
20190814_14-44-24-433_sgm00186.jpg	0	1	0,5758015678138698
20190814_14-44-24-433_sgm00188.jpg	0	0	0,6506587918620985
20190814_14-44-24-433_sgm00190.jpg	0	0	0,5673370051799905
20190814_14-44-24-433_sgm00191.jpg	0	1	0,5540694782878113
20190814_14-44-24-433_sgm00192.jpg	0	1	0,47170334342393755
20190814_14-44-24-433_sgm00193.jpg	0	1	0,5203150790085372
20190814_14-44-24-433_sgm00194.jpg	0	1	0,6842133342973673
20190814_14-44-24-433_sgm00197.jpg	0	0	0,7393310242695912
20190814_14-44-24-433_sgm00200.jpg	0	0	0,6943992366032742
20190814_14-44-24-433_sgm00204.jpg	0	0	0,5362737115551193
20190814_14-44-24-433_sgm00217.jpg	0	1	0,5412176976612979
20190814_14-44-24-433_sgm00220.jpg	0	1	0,5239007802007174
20190814_14-44-24-433_sgm00224.jpg	0	0	0,4806397898976391
20190814_14-44-24-433_sgm00275.jpg	0	2	0,5417438086121548
20190814_14-44-24-433_sgm00278.jpg	0	1	0,46652767315799953
20190814_14-44-24-433_sgm00279.jpg	0	1	0,4174408324260511
20190814_14-44-24-433_sgm00510.jpg	0	1	0,5830551305042442
20190814_14-44-24-433_sgm00511.jpg	0	1	0,602595963746666
20190814_14-44-24-433_sgm00512.jpg	0	1	0,4359996804363269
20190814_14-44-24-433_sgm00513.jpg	0	2	0,5640495483357458
20190814_14-44-24-433_sgm00515.jpg	0	2	0,6281036356050643
20190814_14-44-24-433_sgm00516.jpg	0	2	0,4606016517877261
20190814_14-44-24-433_sgm00521.jpg	0	0	0,3682055572228232
20190814_14-44-24-433_sgm00524.jpg	0	1	0,4362299654327534
20190814_14-44-24-433_sgm00525.jpg	0	1	0,47675754278719057
20190814_14-44-24-433_sgm00526.jpg	0	1	0,558658026213093
20190814_14-44-24-433_sgm00527.jpg	0	1	0,4697938603083797
20190814_14-44-24-433_sgm00528.jpg	0	1	0,5023458014536757
20190814_14-44-24-433_sgm00558.jpg	0	1	0,4765613356190492
20190814_14-44-24-433_sgm00559.jpg	0	1	0,45343992775609826
20190814_14-44-24-433_sgm00562.jpg	0	1	0,5079808445720365
20190814_14-44-24-433_sgm00563.jpg	0	0	0,5416717411277923
20190814_14-44-24-433_sgm00565.jpg	0	1	0,5067067111579225
20190814_14-44-24-433_sgm00601.jpg	0	0	0,4776606071812011
20190814_14-44-24-433_sgm00603.jpg	0	1	0,49913115285374543
20190814_14-44-24-433_sgm00604.jpg	0	1	0,5122182678921979
20190814_14-44-24-433_sgm00639.jpg	0	0	0,38878868290458257
20190814_14-44-24-433_sgm00644.jpg	0	0	0,4243493693307744
20190814_14-44-24-433_sgm00658.jpg	0	1	0,6068745992884631
20190814_14-44-24-433_sgm00663.jpg	0	1	0,649248298646662
20190814_14-44-24-433_sgm00664.jpg	0	1	0,6935491427155059
20190814_14-44-24-433_sgm00713.jpg	0	1	0,801125008245124
20190814_14-44-24-433_sgm00766.jpg	0	1	0,6855536095238224
20190814_14-44-24-433_sgm00770.jpg	0	1	0,6545522493298904
20190814_14-44-24-433_sgm00880.jpg	0	1	0,6894774930597336
20190814_14-44-24-433_sgm00881.jpg	0	1	0,7181335112430502
20190814_14-44-24-433_sgm00958.jpg	0	1	0,6902295910173211
20190814_14-44-24-433_sgm00959.jpg	0	1	0,6255057789089191
20190814_14-44-24-433_sgm00960.jpg	0	1	0,6919578789036526
20190814_14-44-24-433_sgm00964.jpg	0	0	0,4697008752145929
20190814_14-44-24-433_sgm00965.jpg	0	1	0,5189495951486394
20190814_14-44-24-433_sgm00967.jpg	0	1	0,570300126342194
20190814_14-44-24-433_sgm00969.jpg	0	1	0,6779617594543819
20190814_14-44-24-433_sgm01131.jpg	0	1	0,7115389516648204
20190814_14-44-24-433_sgm01137.jpg	0	1	0,7182569260462129
20190814_14-44-24-433_sgm01142.jpg	0	1	0,6955443696017432
20190814_14-44-24-433_sgm01200.jpg	0	1	0,5134364496882512
20190814_14-44-24-433_sgm01268.jpg	0	1	0,6350543458924953
20190814_14-44-24-433_sgm01269.jpg	0	1	0,5537809139571963
20190814_14-44-24-433_sgm01273.jpg	0	1	0,5919506631148062
20190814_14-44-24-433_sgm01274.jpg	0	1	0,7360955232215424
20190814_14-44-24-433_sgm01331.jpg	0	1	0,5402563928259918
20190816_10-30-47-864_sgm00026.jpg	0	0	0,4508325516517004
20190816_10-30-47-864_sgm00029.jpg	0	2	0,6009882889654666
20190816_10-30-47-864_sgm00030.jpg	0	2	0,743441950428293
20190816_10-30-47-864_sgm00036.jpg	0	2	0,8057049937966856
20190816_10-30-47-864_sgm00037.jpg	0	0	0,528880856286964
20190816_10-30-47-864_sgm00038.jpg	0	2	0,4074084288791055
20190816_11-08-09-342_sgm00007.jpg	0	2	0,7696696503938156
20190816_11-08-09-342_sgm00011.jpg	0	2	0,5602309653065063
20190816_11-08-09-342_sgm00013.jpg	0	2	0,40228038150685486
20190816_11-08-09-342_sgm00014.jpg	0	2	0,5823374408395852
20190816_11-08-09-342_sgm00097.jpg	0	2	0,5369922088543316
20190816_11-08-09-342_sgm00098.jpg	0	0	0,482644244055684
20190816_11-08-09-342_sgm00099.jpg	0	2	0,4436562541376837
20190816_11-08-09-342_sgm00100.jpg	0	2	0,48955463602783217
20190816_11-08-09-342_sgm00104.jpg	0	0	0,5899196312767987
20190816_11-08-09-342_sgm00105.jpg	0	0	0,4437912447105889
20190819_10-32-50-611_sgm00115.jpg	0	1	0,4729835833135967
20190819_10-32-50-611_sgm00185.jpg	0	2	0,5550619782420568
20190819_10-32-50-611_sgm00219.jpg	0	1	0,5763525371570286
20190819_10-32-50-611_sgm00221.jpg	0	1	0,5577337229170048
20190819_10-32-50-611_sgm00222.jpg	0	1	0,46639872111407643
20190819_10-32-50-611_sgm00226.jpg	0	2	0,41085189062074523
20190819_10-32-50-611_sgm00227.jpg	0	2	0,5062826401861036
20190819_10-32-50-611_sgm00310.jpg	0	1	0,48943017112361903
20190819_10-32-50-611_sgm00312.jpg	0	1	0,629863130677897
20190819_10-32-50-611_sgm00413.jpg	0	1	0,637653167398052
20190819_10-32-50-611_sgm00441.jpg	0	1	0,6359602264733762
20190819_10-32-50-611_sgm00442.jpg	0	1	0,5966384811575951
20190819_10-32-50-611_sgm00453.jpg	0	1	0,6065220917385998
20190819_10-32-50-611_sgm00454.jpg	0	1	0,6450523629669306
20190819_10-32-50-611_sgm00455.jpg	0	1	0,7042118394889856
20190819_10-32-50-611_sgm00592.jpg	0	1	0,45662123654925274
20190819_10-32-50-611_sgm00596.jpg	0	1	0,5975159885300722
20190819_10-32-50-611_sgm00616.jpg	0	1	0,6114142560895542
20190819_10-32-50-611_sgm00618.jpg	0	1	0,6743691938702769
20190819_10-32-50-611_sgm00619.jpg	0	1	0,7556109102934702
20190819_10-32-50-611_sgm00626.jpg	0	1	0,6055625222558084
20190819_10-32-50-611_sgm00743.jpg	0	1	0,7611259484699496
20190819_10-32-50-611_sgm00745.jpg	0	1	0,7124308202803887
20190819_10-32-50-611_sgm00879.jpg	0	1	0,5142362132136417
20190819_10-32-50-611_sgm00882.jpg	0	1	0,5176027809614022
20190819_10-32-50-611_sgm00886.jpg	0	1	0,5671662942850552
20190819_10-32-50-611_sgm00912.jpg	0	1	0,6998816651822433
20190819_10-32-50-611_sgm00984.jpg	0	1	0,5991660850385919
20190819_10-32-50-611_sgm00987.jpg	0	0	0,5256184787056137
20190819_10-32-50-611_sgm01003.jpg	0	0	0,43686879143805646
20190819_10-32-50-611_sgm01005.jpg	0	1	0,6509144561262756
20190819_10-32-50-611_sgm01014.jpg	0	1	0,4210788295302419
20190819_10-32-50-611_sgm01016.jpg	0	1	0,6104830968252748
20190819_10-32-50-611_sgm01017.jpg	0	1	0,8279245749570229
20190819_10-32-50-611_sgm01019.jpg	0	1	0,6778254713385806
20190819_10-32-50-611_sgm01082.jpg	0	1	0,5925851797474588
20190819_10-32-50-611_sgm01149.jpg	0	0	0,49196935853854146
20190819_10-32-50-611_sgm01176.jpg	0	1	0,4626027152676302
20190819_10-32-50-611_sgm01230.jpg	0	2	0,3835445196238624
20190819_10-32-50-611_sgm01237.jpg	0	1	0,48519825489356677
20190819_10-32-50-611_sgm01238.jpg	0	0	0,41778306717921254
20190819_10-32-50-611_sgm01259.jpg	0	2	0,4810605606007387
20190819_10-32-50-611_sgm01264.jpg	0	2	0,44285886601245006
20190819_10-32-50-611_sgm01265.jpg	0	2	0,3994892172272268
20190819_10-32-50-611_sgm01267.jpg	0	2	0,5438320422154267
20190819_10-32-50-611_sgm01281.jpg	0	2	0,6491196204887082
20190819_10-32-50-611_sgm01283.jpg	0	2	0,4930270546462444
20190819_10-32-50-611_sgm01399.jpg	0	0	0,8451029842808524
20190819_10-32-50-611_sgm01401.jpg	0	0	0,6795879531513487
20190819_10-32-50-611_sgm01402.jpg	0	0	0,41751575708233085
20190819_10-32-50-611_sgm01403.jpg	0	0	0,4190862149914329
20190819_10-32-50-611_sgm01405.jpg	0	0	0,8451897420196011
20190819_10-32-50-611_sgm01406.jpg	0	0	0,7911712905886862
20190819_10-32-50-611_sgm01408.jpg	0	0	0,5274738714340027
20190819_10-32-50-611_sgm01459.jpg	0	0	0,5631723799834593
20190819_10-32-50-611_sgm01460.jpg	0	0	0,652357108946916
20190819_10-32-50-611_sgm01462.jpg	0	0	0,3950977537009547
20190819_10-32-50-611_sgm01463.jpg	0	0	0,406329005690874
20190819_10-32-50-611_sgm01464.jpg	0	0	0,391657238165608
20190819_10-32-50-611_sgm01465.jpg	0	0	0,3883564574056358
20190819_10-32-50-611_sgm01466.jpg	0	2	0,387518992889896
20190819_10-32-50-611_sgm01467.jpg	0	0	0,5072011487629686
20190819_10-32-50-611_sgm01468.jpg	0	0	0,4578568581991271
20190819_11-15-57-991_sgm00050.jpg	0	0	0,8394631151198002
20190819_11-15-57-991_sgm00051.jpg	0	0	0,6961968461348207
20190819_11-15-57-991_sgm00069.jpg	0	1	0,47044995441555576
20190819_11-15-57-991_sgm00070.jpg	0	0	0,6151152795062709
20190819_11-15-57-991_sgm00071.jpg	0	1	0,5831425055744469
20190819_11-15-57-991_sgm00072.jpg	0	0	0,6616700012334124
20190819_11-15-57-991_sgm00073.jpg	0	2	0,8782698183552213
20190819_11-15-57-991_sgm00074.jpg	0	2	0,41166554803672395
20190819_11-15-57-991_sgm00077.jpg	0	2	0,43269928338382463
20190819_11-15-57-991_sgm00091.jpg	0	0	0,43717543493035765
20190819_11-15-57-991_sgm00094.jpg	0	0	0,4956701602214902
20190819_11-15-57-991_sgm00097.jpg	0	2	0,4948401899067954
20190819_11-15-57-991_sgm00109.jpg	0	0	0,4697686592777849
20190819_11-15-57-991_sgm00110.jpg	0	0	0,6374121719824223
20190819_11-15-57-991_sgm00112.jpg	0	1	0,35719564010102867
20190819_11-15-57-991_sgm00113.jpg	0	0	0,4576745673657323
20190819_11-15-57-991_sgm00114.jpg	0	0	0,48442491294828904
20190819_11-15-57-991_sgm00117.jpg	0	0	0,5061250814743414
20190819_11-15-57-991_sgm00119.jpg	0	2	0,3844161711048558
20190819_11-15-57-991_sgm00120.jpg	0	0	0,6252478706725705
20190819_11-15-57-991_sgm00121.jpg	0	2	0,5003329421854129
20190819_11-15-57-991_sgm00122.jpg	0	0	0,4636069468550846
20190819_11-15-57-991_sgm00126.jpg	0	2	0,4981488358159929
20190819_11-15-57-991_sgm00141.jpg	0	0	0,5621237294248843
20190819_11-15-57-991_sgm00144.jpg	0	0	0,5804033549066121
20190819_11-15-57-991_sgm00145.jpg	0	2	0,7148175171200554
20190819_11-15-57-991_sgm00203.jpg	0	0	0,7419830400961223
20190819_11-15-57-991_sgm00211.jpg	0	2	0,5015627068101474
20190819_11-15-57-991_sgm00215.jpg	0	0	0,7362739833055553
20190819_11-15-57-991_sgm00216.jpg	0	0	0,8062249706906598
20190819_11-15-57-991_sgm00217.jpg	0	0	0,5555398545557533
20190819_12-00-05-082_sgm00099.jpg	0	0	0,5097679616369206
20190819_12-00-05-082_sgm00100.jpg	0	0	0,5534170882565255
20190819_12-00-05-082_sgm00101.jpg	0	1	0,5009291738837014
20190819_12-00-05-082_sgm00102.jpg	0	1	0,4699746193119198
20190819_12-00-05-082_sgm00104.jpg	0	1	0,42391346283926806
20190819_12-00-05-082_sgm00120.jpg	0	0	0,40521084976870997
20190819_12-00-05-082_sgm00121.jpg	0	0	0,6685784280393223
20190819_12-00-05-082_sgm00122.jpg	0	0	0,6319465319497894
20190819_12-00-05-082_sgm00123.jpg	0	0	0,6023093383035785
20190819_12-00-05-082_sgm00125.jpg	0	0	0,546781926785589
20190819_12-00-05-082_sgm00127.jpg	0	1	0,47510608769739526
20190819_12-00-05-082_sgm00128.jpg	0	1	0,5392935167109942
20190819_12-00-05-082_sgm00152.jpg	0	0	0,4379368252849383
20190819_12-00-05-082_sgm00154.jpg	0	1	0,46070302310123734
20190819_12-00-05-082_sgm00161.jpg	0	0	0,4828338037924572
20190819_12-00-05-082_sgm00163.jpg	0	1	0,45027036999669995
20190819_12-00-05-082_sgm00164.jpg	0	1	0,4671370488287944
20190819_12-00-05-082_sgm00167.jpg	0	0	0,45152064277213755
20190819_12-00-05-082_sgm00349.jpg	0	1	0,6124114965233022
20190819_12-00-05-082_sgm00354.jpg	0	1	0,6445879232009905
20190819_12-00-05-082_sgm00355.jpg	0	1	0,6493917881297243
20190819_12-00-05-082_sgm00356.jpg	0	1	0,5283865742507037
20190819_12-00-05-082_sgm00358.jpg	0	1	0,5069078062548054
20190819_12-00-05-082_sgm00401.jpg	0	0	0,5433298106567891
20190819_12-00-05-082_sgm00402.jpg	0	0	0,5511361200638697
20190819_12-00-05-082_sgm00408.jpg	0	1	0,5414593076304682
20190819_12-00-05-082_sgm00459.jpg	0	0	0,5133174476473626
20190819_12-00-05-082_sgm00463.jpg	0	0	0,5131671509951322
20190819_12-00-05-082_sgm00464.jpg	0	0	0,48691581407052076
20190819_12-00-05-082_sgm00536.jpg	0	1	0,5857993237905071
20190819_12-00-05-082_sgm00549.jpg	0	1	0,5925475995769235
20190819_12-00-05-082_sgm00550.jpg	0	1	0,43377705768190217
20190819_12-00-05-082_sgm00649.jpg	0	1	0,6787563555705657
20190819_12-00-05-082_sgm00658.jpg	0	0	0,47219306386027154
20190819_12-00-05-082_sgm00721.jpg	0	0	0,4285070404687518
20190819_12-00-05-082_sgm00722.jpg	0	0	0,48327766686794593
20190819_12-00-05-082_sgm00723.jpg	0	0	0,35616212089472477
20190819_12-00-05-082_sgm00740.jpg	0	2	0,4199265919645532
20190819_12-00-05-082_sgm00744.jpg	0	0	0,38461691837656553
20190819_12-00-05-082_sgm00841.jpg	0	1	0,658884200812063
20190819_12-00-05-082_sgm00847.jpg	0	1	0,5086261152809329
20190819_12-00-05-082_sgm00848.jpg	0	1	0,5061328345569869
20190819_12-00-05-082_sgm00851.jpg	0	1	0,6333260997375193
20190819_12-00-05-082_sgm00852.jpg	0	1	0,569923579410208
20190819_12-00-05-082_sgm00854.jpg	0	1	0,5887198964945922
20190819_12-00-05-082_sgm00858.jpg	0	1	0,5822058700332984
20190819_12-00-05-082_sgm00859.jpg	0	1	0,6463793594414979
20190819_12-00-05-082_sgm00873.jpg	0	1	0,4579526302116922
20190819_12-00-05-082_sgm00874.jpg	0	0	0,4507126122771333
20190819_12-00-05-082_sgm00875.jpg	0	0	0,48559326130700353
20190819_12-00-05-082_sgm00876.jpg	0	1	0,4511011606783962
20190819_12-00-05-082_sgm00891.jpg	0	1	0,45617662264457365
20190819_12-00-05-082_sgm00892.jpg	0	0	0,5053395592585653
20190819_12-00-05-082_sgm00895.jpg	0	0	0,4334071768860511
20190819_12-00-05-082_sgm00897.jpg	0	1	0,5222000557621472
20190819_12-00-05-082_sgm00903.jpg	0	1	0,7012377107122408
20190819_12-00-05-082_sgm00906.jpg	0	0	0,4961341332328252
20190819_12-00-05-082_sgm00911.jpg	0	1	0,640236177860421
20190819_12-00-05-082_sgm00912.jpg	0	1	0,5418576443971803
20190819_12-00-05-082_sgm00913.jpg	0	0	0,46709923883463467
20190819_12-00-05-082_sgm00917.jpg	0	1	0,6234782457188992
20190819_12-00-05-082_sgm00962.jpg	0	1	0,5448483230207449
20190819_12-00-05-082_sgm00964.jpg	0	1	0,5893921918211342
20190819_12-00-05-082_sgm00965.jpg	0	0	0,5244800785635693
20190819_12-00-05-082_sgm00967.jpg	0	1	0,6825803443808813
20190819_12-00-05-082_sgm01011.jpg	0	0	0,47385292095658693
20190819_12-00-05-082_sgm01013.jpg	0	0	0,45867870834205327
20190819_12-00-05-082_sgm01014.jpg	0	1	0,428373481805169
20190819_12-00-05-082_sgm01155.jpg	0	0	0,4546176209516882
20190819_12-00-05-082_sgm01158.jpg	0	0	0,5484868263362597
20190819_12-00-05-082_sgm01159.jpg	0	0	0,5004070855863351
20190819_12-00-05-082_sgm01160.jpg	0	0	0,5051486609369482
20190819_12-26-11-227_sgm00084.jpg	0	1	0,49226561665875856
20190819_12-26-11-227_sgm00090.jpg	0	2	0,8710771475895126
20190819_12-26-11-227_sgm00092.jpg	0	0	0,4581211054509404
20190819_12-50-08-839_sgm00066.jpg	0	2	0,594805499075717
20190819_12-50-08-839_sgm00067.jpg	0	2	0,510703295148562
20190819_12-50-08-839_sgm00088.jpg	0	0	0,6779881272767005
20190819_12-50-08-839_sgm00089.jpg	0	2	0,496210316292546
20190819_12-50-08-839_sgm00090.jpg	0	0	0,3918587538062728
20190819_12-50-08-839_sgm00091.jpg	0	2	0,45691352905203786
20190819_12-50-08-839_sgm00093.jpg	0	0	0,850334279783299
20190819_12-50-08-839_sgm00094.jpg	0	0	0,8626115119564952
20190819_12-50-08-839_sgm00095.jpg	0	0	0,8562831680864219
20190819_12-50-08-839_sgm00096.jpg	0	0	0,8258801051374353
20190819_12-50-08-839_sgm00097.jpg	0	0	0,8622494932088522
20190819_12-50-08-839_sgm00118.jpg	0	0	0,9594182253808613
20190819_12-50-08-839_sgm00119.jpg	0	0	0,9393823159508178
20190819_12-50-08-839_sgm00120.jpg	0	0	0,9467636426228313
20190819_12-50-08-839_sgm00121.jpg	0	0	0,9401103025547843
20190819_12-50-08-839_sgm00122.jpg	0	0	0,949782476988357
20190819_12-50-08-839_sgm00123.jpg	0	0	0,9566310793171368
20190819_12-50-08-839_sgm00124.jpg	0	0	0,9280072156130759
20190819_12-50-08-839_sgm00125.jpg	0	0	0,9068738910210783
20190819_12-50-08-839_sgm00126.jpg	0	0	0,933921910276355
20190819_12-50-08-839_sgm00127.jpg	0	0	0,9135378583198576
20190819_12-50-08-839_sgm00168.jpg	0	0	0,8579529092733852
20190819_12-50-08-839_sgm00169.jpg	0	0	0,6768857571410305
20190819_12-50-08-839_sgm00171.jpg	0	0	0,8091552556700223
20190819_12-50-08-839_sgm00174.jpg	0	0	0,6395637137932852
20190819_12-50-08-839_sgm00177.jpg	0	0	0,7620308699898102
20190819_12-50-08-839_sgm00189.jpg	0	0	0,6751504443484232
20190819_12-50-08-839_sgm00190.jpg	0	0	0,8441010612778566
20190819_12-50-08-839_sgm00191.jpg	0	0	0,7765240759526901
20190819_12-50-08-839_sgm00192.jpg	0	0	0,8193998910620774
20190819_12-50-08-839_sgm00193.jpg	0	0	0,865982142062742
20190819_12-50-08-839_sgm00195.jpg	0	0	0,6617063251859777
20190819_12-50-08-839_sgm00196.jpg	0	0	0,5521792151146178
20190819_12-50-08-839_sgm00197.jpg	0	0	0,7345476735675854
20190819_12-50-08-839_sgm00344.jpg	0	1	0,38163715823085087
20190819_12-50-08-839_sgm00395.jpg	0	1	0,41549433369766675
20190819_12-50-08-839_sgm00396.jpg	0	1	0,47507751516024144
20190819_12-50-08-839_sgm00397.jpg	0	0	0,5372344942117757
20190819_12-50-08-839_sgm00402.jpg	0	1	0,5007767436361747
20190819_12-50-08-839_sgm00403.jpg	0	0	0,7054965629543732
20190819_12-50-08-839_sgm00404.jpg	0	0	0,7213051508673055
20190819_12-50-08-839_sgm00406.jpg	0	1	0,4296435363282794
20190819_12-50-08-839_sgm00408.jpg	0	0	0,5837725912116847
20190819_12-50-08-839_sgm00409.jpg	0	0	0,8081963002201492
20190819_12-50-08-839_sgm00413.jpg	0	0	0,7319944379618637
20190819_12-50-08-839_sgm00499.jpg	0	2	0,8901156130059685
20190819_12-50-08-839_sgm00704.jpg	0	1	0,3877098056718863
20190819_12-50-08-839_sgm00711.jpg	0	1	0,46189437691483115
20190819_12-50-08-839_sgm00712.jpg	0	1	0,5071557732447981
20190819_12-50-08-839_sgm00744.jpg	0	2	0,7240247010149738
20190819_12-50-08-839_sgm00745.jpg	0	2	0,6872260307635147
20190819_12-50-08-839_sgm00781.jpg	0	2	0,524344827716697
20190819_12-50-08-839_sgm00782.jpg	0	2	0,8343866482616973
20190819_12-50-08-839_sgm00855.jpg	0	1	0,5695858129987553
20190819_12-50-08-839_sgm00874.jpg	0	1	0,5265329297026512
20190819_12-50-08-839_sgm00883.jpg	0	0	0,5047090772422447
20190819_12-50-08-839_sgm00884.jpg	0	0	0,5151179968831604
20190819_12-50-08-839_sgm00893.jpg	0	1	0,4650970764750176
20190819_12-50-08-839_sgm00895.jpg	0	1	0,39144073026381976
20190819_12-50-08-839_sgm00898.jpg	0	1	0,41935902976771106
20190819_12-50-08-839_sgm00915.jpg	0	1	0,5624911332803986
20190819_12-50-08-839_sgm00936.jpg	0	1	0,6917785736463914
20190819_12-50-08-839_sgm00937.jpg	0	1	0,6714418744978898
20190819_12-50-08-839_sgm00938.jpg	0	1	0,7325376399191922
20190819_12-50-08-839_sgm00984.jpg	0	1	0,7504184415516877
20190819_12-50-08-839_sgm00985.jpg	0	1	0,6606593708003587
20190819_12-50-08-839_sgm01061.jpg	0	1	0,6167246089226245
20190819_12-50-08-839_sgm01062.jpg	0	1	0,47758764211780225
20190819_12-50-08-839_sgm01065.jpg	0	1	0,5523840343307285
20190819_12-50-08-839_sgm01070.jpg	0	1	0,6146045093131949
20190819_12-50-08-839_sgm01072.jpg	0	1	0,729926192909544
20190819_12-50-08-839_sgm01073.jpg	0	1	0,7081230173102097
20190819_12-50-08-839_sgm01097.jpg	0	1	0,7994637051049238
20190819_12-50-08-839_sgm01100.jpg	0	1	0,8431416851006781
20190819_12-50-08-839_sgm01101.jpg	0	1	0,8148005531468976
20190819_12-50-08-839_sgm01138.jpg	0	1	0,721443752560098
20190819_12-50-08-839_sgm01146.jpg	0	1	0,884098533208298
20190819_12-50-08-839_sgm01147.jpg	0	1	0,7792550321582192
20190819_12-50-08-839_sgm01152.jpg	0	1	0,8093452777458571
20190819_12-50-08-839_sgm01244.jpg	0	1	0,6746778255068838
20190819_12-50-08-839_sgm01245.jpg	0	1	0,6133294020527889
20190819_12-50-08-839_sgm01246.jpg	0	1	0,6727495134244995
20190819_12-50-08-839_sgm01249.jpg	0	1	0,6687089906299702
20190819_12-50-08-839_sgm01250.jpg	0	1	0,5907085243785596
20190819_12-50-08-839_sgm01251.jpg	0	1	0,5987776526726523
20190819_12-50-08-839_sgm01253.jpg	0	1	0,6563273667316037
20190819_12-50-08-839_sgm01255.jpg	0	1	0,6492611078819234
20190819_12-50-08-839_sgm01256.jpg	0	1	0,6306976017003194
20190819_12-50-08-839_sgm01259.jpg	0	1	0,7118063610116854
20190819_12-50-08-839_sgm01395.jpg	0	1	0,6261428043497018
20190819_12-50-08-839_sgm01401.jpg	0	1	0,626404274008402
20190819_12-50-08-839_sgm01445.jpg	0	1	0,5269454430669775
20190819_12-50-08-839_sgm01446.jpg	0	1	0,5923660898343077
20190819_12-50-08-839_sgm01448.jpg	0	1	0,573714420723233
20190819_12-50-08-839_sgm01449.jpg	0	1	0,5784027722876102
20190819_12-50-08-839_sgm01450.jpg	0	1	0,5750146576566071
20190819_12-50-08-839_sgm01452.jpg	0	1	0,7044291529586207
20190819_12-50-08-839_sgm01454.jpg	0	1	0,6677197459697464
20190819_12-50-08-839_sgm01457.jpg	0	1	0,528550558986654
20190819_12-50-08-839_sgm01461.jpg	0	1	0,657789289358111
20190819_12-50-08-839_sgm01462.jpg	0	1	0,6079561443200031
20190819_12-50-08-839_sgm01554.jpg	0	0	0,7766495400665533
20190819_12-50-08-839_sgm01555.jpg	0	0	0,5015708384430804
20190819_12-50-08-839_sgm01557.jpg	0	0	0,6071331433519642
20190819_12-50-08-839_sgm01558.jpg	0	0	0,5402940702344865
20190819_12-50-08-839_sgm01561.jpg	0	0	0,7313182631478821
20190819_12-50-08-839_sgm01563.jpg	0	0	0,6937352747415201
20190819_13-39-58-707_sgm00011.jpg	0	0	0,8587464516448081
20190819_13-39-58-707_sgm00012.jpg	0	0	0,9616988881409598
20190819_13-39-58-707_sgm00013.jpg	0	0	0,8707936702538044
20190819_13-39-58-707_sgm00079.jpg	0	0	0,8321209456836441
20190819_13-39-58-707_sgm00080.jpg	0	0	0,6380611139182595
20190819_13-39-58-707_sgm00081.jpg	0	0	0,8330017933207313
20190819_13-39-58-707_sgm00082.jpg	0	0	0,6582196125165163
20190819_13-39-58-707_sgm00083.jpg	0	0	0,6873372307374915
20190819_13-48-34-589_sgm00026.jpg	0	0	0,7347717206509112
20190819_13-48-34-589_sgm00074.jpg	0	1	0,47575309652005743
20190819_13-48-34-589_sgm00087.jpg	0	0	0,448238218163846
20190819_13-57-11-762_sgm00108.jpg	0	0	0,6374315865611153
20190819_13-57-11-762_sgm00110.jpg	0	0	0,8968255045110103
20190819_13-57-11-762_sgm00116.jpg	0	0	0,9402404387019827
20190819_13-57-11-762_sgm00192.jpg	0	0	0,8348209331232825
20190819_13-57-11-762_sgm00193.jpg	0	0	0,8593950987919722
20190819_13-57-11-762_sgm00195.jpg	0	0	0,8458381188980565
20190819_13-57-11-762_sgm00196.jpg	0	0	0,9571224690137968
20190819_13-57-11-762_sgm00197.jpg	0	0	0,923100350523016
20190819_13-57-11-762_sgm00249.jpg	0	2	0,44761376775725914
20190819_14-39-18-092_sgm00056.jpg	0	0	0,7336875021368224
20190819_14-39-18-092_sgm00057.jpg	0	1	0,4006398670793353
20190819_14-39-18-092_sgm00058.jpg	0	0	0,46219748306325825
20190819_14-39-18-092_sgm00059.jpg	0	2	0,6341487162231434
20190819_14-39-18-092_sgm00061.jpg	0	2	0,4975516132245259
20190819_14-39-18-092_sgm00109.jpg	0	0	0,9633299692777462
20190819_14-39-18-092_sgm00110.jpg	0	0	0,8627662355300687
20190819_14-39-18-092_sgm00111.jpg	0	0	0,8920902200077087
20190819_14-39-18-092_sgm00112.jpg	0	0	0,44108549661591334
20190819_14-39-18-092_sgm00114.jpg	0	0	0,7909784399880261
20190819_14-39-18-092_sgm00139.jpg	0	0	0,8719154655833522
20190819_14-39-18-092_sgm00141.jpg	0	0	0,5544130129081231
20190819_14-39-18-092_sgm00144.jpg	0	0	0,9175482740002024
20190819_14-39-18-092_sgm00145.jpg	0	0	0,8969859372109962
20190819_14-39-18-092_sgm00146.jpg	0	0	0,9329777274776727
20190819_14-39-18-092_sgm00147.jpg	0	0	0,6758289046810749
20190819_14-39-18-092_sgm00148.jpg	0	0	0,8589329398559229
20190819_14-39-18-092_sgm00179.jpg	0	0	0,9420003217209804
20190819_14-39-18-092_sgm00180.jpg	0	0	0,7805681318556246
20190819_14-39-18-092_sgm00181.jpg	0	0	0,9354251079476016
20190819_14-39-18-092_sgm00182.jpg	0	0	0,8597885630801124
20190819_14-39-18-092_sgm00183.jpg	0	0	0,9599341226074819
20190819_14-39-18-092_sgm00184.jpg	0	0	0,8848202212720604
20190819_14-39-18-092_sgm00185.jpg	0	0	0,8663092850634148
20190819_14-39-18-092_sgm00186.jpg	0	0	0,9040952525434207
20190819_14-39-18-092_sgm00187.jpg	0	0	0,7347683702792835
20190819_14-39-18-092_sgm00188.jpg	0	0	0,8264737782615287
20190819_14-39-18-092_sgm00199.jpg	0	0	0,955829259456255
20190819_14-39-18-092_sgm00200.jpg	0	0	0,9485240251834418
20190819_14-39-18-092_sgm00201.jpg	0	0	0,9348927996747096
20190819_14-39-18-092_sgm00204.jpg	0	0	0,9093821094310583
20190819_14-39-18-092_sgm00205.jpg	0	0	0,976395589745198
20190819_14-39-18-092_sgm00206.jpg	0	0	0,9143669392049705
20190814_14-44-24-433_sgm00056.jpg	1	1	0,4896390602659286
20190814_14-44-24-433_sgm00057.jpg	1	0	0,5503295795924448
20190814_14-44-24-433_sgm00058.jpg	1	1	0,4345278155759859
20190814_14-44-24-433_sgm00059.jpg	1	0	0,475002877869082
20190814_14-44-24-433_sgm00060.jpg	1	1	0,47087791444331234
20190814_14-44-24-433_sgm00061.jpg	1	1	0,44552654809066994
20190814_14-44-24-433_sgm00064.jpg	1	1	0,5115930170090379
20190814_14-44-24-433_sgm00096.jpg	1	1	0,4692216542924791
20190814_14-44-24-433_sgm00099.jpg	1	1	0,5023619704711334
20190814_14-44-24-433_sgm00100.jpg	1	0	0,6182433629181346
20190814_14-44-24-433_sgm00101.jpg	1	1	0,49362767297818516
20190814_14-44-24-433_sgm00187.jpg	1	0	0,5834952669169412
20190814_14-44-24-433_sgm00189.jpg	1	1	0,5281256140044333
20190814_14-44-24-433_sgm00195.jpg	1	1	0,7212998197379824
20190814_14-44-24-433_sgm00196.jpg	1	0	0,692707314988005
20190814_14-44-24-433_sgm00198.jpg	1	0	0,7239707158285867
20190814_14-44-24-433_sgm00199.jpg	1	1	0,6103217935896796
20190814_14-44-24-433_sgm00201.jpg	1	1	0,5239545244863542
20190814_14-44-24-433_sgm00202.jpg	1	1	0,5635539052485427
20190814_14-44-24-433_sgm00215.jpg	1	0	0,4688049236121066
20190814_14-44-24-433_sgm00216.jpg	1	1	0,5287712595459556
20190814_14-44-24-433_sgm00218.jpg	1	1	0,47942031761344484
20190814_14-44-24-433_sgm00219.jpg	1	1	0,4901643465171151
20190814_14-44-24-433_sgm00221.jpg	1	1	0,5075645108630725
20190814_14-44-24-433_sgm00223.jpg	1	0	0,48384446097927813
20190814_14-44-24-433_sgm00276.jpg	1	2	0,5247134659291169
20190814_14-44-24-433_sgm00277.jpg	1	1	0,4677982713577331
20190814_14-44-24-433_sgm00280.jpg	1	1	0,5172176195798726
20190814_14-44-24-433_sgm00281.jpg	1	2	0,4444792124886141
20190814_14-44-24-433_sgm00506.jpg	1	1	0,503385749006304
20190814_14-44-24-433_sgm00507.jpg	1	1	0,5348200901796138
20190814_14-44-24-433_sgm00508.jpg	1	1	0,558829673629437
20190814_14-44-24-433_sgm00509.jpg	1	1	0,5381329401649335
20190814_14-44-24-433_sgm00514.jpg	1	2	0,4708686525858293
20190814_14-44-24-433_sgm00517.jpg	1	1	0,48429537274638657
20190814_14-44-24-433_sgm00518.jpg	1	0	0,5078481836235141
20190814_14-44-24-433_sgm00519.jpg	1	0	0,5512309998172912
20190814_14-44-24-433_sgm00520.jpg	1	1	0,45840646159058535
20190814_14-44-24-433_sgm00522.jpg	1	0	0,4869236211705805
20190814_14-44-24-433_sgm00523.jpg	1	2	0,5345468082193009
20190814_14-44-24-433_sgm00529.jpg	1	1	0,5557422765878244
20190814_14-44-24-433_sgm00530.jpg	1	1	0,3533162666733828
20190814_14-44-24-433_sgm00531.jpg	1	1	0,49818889191332105
20190814_14-44-24-433_sgm00532.jpg	1	1	0,46929622234518376
20190814_14-44-24-433_sgm00533.jpg	1	0	0,4998254773107066
20190814_14-44-24-433_sgm00534.jpg	1	1	0,4555174096751129
20190814_14-44-24-433_sgm00535.jpg	1	2	0,491999474857947
20190814_14-44-24-433_sgm00556.jpg	1	1	0,4844138254688307
20190814_14-44-24-433_sgm00557.jpg	1	1	0,5562552191409315
20190814_14-44-24-433_sgm00560.jpg	1	1	0,5367073560723584
20190814_14-44-24-433_sgm00561.jpg	1	0	0,572298130193641
20190814_14-44-24-433_sgm00564.jpg	1	0	0,5085581199640622
20190814_14-44-24-433_sgm00596.jpg	1	0	0,4232387089303107
20190814_14-44-24-433_sgm00598.jpg	1	1	0,4403643007590698
20190814_14-44-24-433_sgm00599.jpg	1	1	0,4794342341704793
20190814_14-44-24-433_sgm00600.jpg	1	0	0,6168699185600317
20190814_14-44-24-433_sgm00602.jpg	1	0	0,5118872096365312
20190814_14-44-24-433_sgm00605.jpg	1	0	0,596438404947836
20190814_14-44-24-433_sgm00636.jpg	1	1	0,6830983790165952
20190814_14-44-24-433_sgm00637.jpg	1	1	0,46376627920783153
20190814_14-44-24-433_sgm00638.jpg	1	1	0,40323580592619307
20190814_14-44-24-433_sgm00640.jpg	1	0	0,5191717021024763
20190814_14-44-24-433_sgm00643.jpg	1	1	0,49830465402261814
20190814_14-44-24-433_sgm00656.jpg	1	1	0,6912108398040938
20190814_14-44-24-433_sgm00657.jpg	1	1	0,6749830177233239
20190814_14-44-24-433_sgm00659.jpg	1	1	0,7442783554896003
20190814_14-44-24-433_sgm00660.jpg	1	1	0,7598332135973328
20190814_14-44-24-433_sgm00661.jpg	1	1	0,7436410514098217
20190814_14-44-24-433_sgm00662.jpg	1	1	0,6770303709847323
20190814_14-44-24-433_sgm00665.jpg	1	1	0,6084464474836259
20190814_14-44-24-433_sgm00706.jpg	1	1	0,7584751748632323
20190814_14-44-24-433_sgm00707.jpg	1	1	0,7310584259457913
20190814_14-44-24-433_sgm00708.jpg	1	1	0,7816218537777446
20190814_14-44-24-433_sgm00709.jpg	1	1	0,664723876236694
20190814_14-44-24-433_sgm00710.jpg	1	1	0,6952938238208101
20190814_14-44-24-433_sgm00711.jpg	1	1	0,7480887623064288
20190814_14-44-24-433_sgm00712.jpg	1	1	0,8523857727609158
20190814_14-44-24-433_sgm00714.jpg	1	1	0,7963931365641431
20190814_14-44-24-433_sgm00715.jpg	1	1	0,6345677910832785
20190814_14-44-24-433_sgm00767.jpg	1	1	0,5296335481946708
20190814_14-44-24-433_sgm00768.jpg	1	1	0,5476245572293847
20190814_14-44-24-433_sgm00771.jpg	1	1	0,5644492969207819
20190814_14-44-24-433_sgm00772.jpg	1	1	0,6270563422601774
20190814_14-44-24-433_sgm00773.jpg	1	1	0,6087677241799799
20190814_14-44-24-433_sgm00774.jpg	1	1	0,6117728887371278
20190814_14-44-24-433_sgm00775.jpg	1	1	0,5914286695859837
20190814_14-44-24-433_sgm00836.jpg	1	1	0,7449822321608224
20190814_14-44-24-433_sgm00837.jpg	1	1	0,7746356102789121
20190814_14-44-24-433_sgm00839.jpg	1	1	0,7049541891434477
20190814_14-44-24-433_sgm00840.jpg	1	1	0,7924908895160906
20190814_14-44-24-433_sgm00841.jpg	1	1	0,773130048173869
20190814_14-44-24-433_sgm00842.jpg	1	1	0,7949481006743726
20190814_14-44-24-433_sgm00843.jpg	1	1	0,7829159003443193
20190814_14-44-24-433_sgm00844.jpg	1	1	0,7429860250755965
20190814_14-44-24-433_sgm00845.jpg	1	1	0,722703308230447
20190814_14-44-24-433_sgm00876.jpg	1	1	0,6679238475463264
20190814_14-44-24-433_sgm00877.jpg	1	1	0,5785255525435613
20190814_14-44-24-433_sgm00878.jpg	1	1	0,6515529495640431
20190814_14-44-24-433_sgm00879.jpg	1	1	0,605186175294884
20190814_14-44-24-433_sgm00882.jpg	1	1	0,731865892664089
20190814_14-44-24-433_sgm00883.jpg	1	1	0,5301165787916343
20190814_14-44-24-433_sgm00884.jpg	1	1	0,5419100976412613
20190814_14-44-24-433_sgm00885.jpg	1	1	0,6607504395504302
20190814_14-44-24-433_sgm00956.jpg	1	1	0,5827029131075522
20190814_14-44-24-433_sgm00957.jpg	1	1	0,5253971837796341
20190814_14-44-24-433_sgm00961.jpg	1	1	0,5231507473522503
20190814_14-44-24-433_sgm00962.jpg	1	1	0,6702624505523991
20190814_14-44-24-433_sgm00963.jpg	1	1	0,5231436066738723
20190814_14-44-24-433_sgm00966.jpg	1	1	0,47531860914259627
20190814_14-44-24-433_sgm00968.jpg	1	1	0,7096330761263685
20190814_14-44-24-433_sgm00970.jpg	1	1	0,5452651104232618
20190814_14-44-24-433_sgm00971.jpg	1	1	0,5452404432283268
20190814_14-44-24-433_sgm00972.jpg	1	1	0,6113424309003428
20190814_14-44-24-433_sgm00973.jpg	1	1	0,5970538169623602
20190814_14-44-24-433_sgm00974.jpg	1	1	0,5665758126679143
20190814_14-44-24-433_sgm00975.jpg	1	1	0,7133080330107968
20190814_14-44-24-433_sgm01126.jpg	1	1	0,7020071141609671
20190814_14-44-24-433_sgm01128.jpg	1	1	0,7888838229111096
20190814_14-44-24-433_sgm01129.jpg	1	1	0,6886398070875193
20190814_14-44-24-433_sgm01130.jpg	1	1	0,7154770707250477
20190814_14-44-24-433_sgm01132.jpg	1	1	0,5919148519439474
20190814_14-44-24-433_sgm01134.jpg	1	1	0,6959756630856124
20190814_14-44-24-433_sgm01135.jpg	1	1	0,714297588131907
20190814_14-44-24-433_sgm01136.jpg	1	1	0,6816306863414171
20190814_14-44-24-433_sgm01138.jpg	1	1	0,683287570986322
20190814_14-44-24-433_sgm01139.jpg	1	1	0,6553274355349684
20190814_14-44-24-433_sgm01140.jpg	1	1	0,6908444067137488
20190814_14-44-24-433_sgm01141.jpg	1	1	0,6319567586090689
20190814_14-44-24-433_sgm01143.jpg	1	1	0,6828065291920958
20190814_14-44-24-433_sgm01145.jpg	1	1	0,7647747727371129
20190814_14-44-24-433_sgm01196.jpg	1	1	0,6662604933695475
20190814_14-44-24-433_sgm01197.jpg	1	1	0,5738806033659035
20190814_14-44-24-433_sgm01198.jpg	1	1	0,6590017147860447
20190814_14-44-24-433_sgm01199.jpg	1	1	0,651463070808999
20190814_14-44-24-433_sgm01201.jpg	1	1	0,7154013998317471
20190814_14-44-24-433_sgm01202.jpg	1	1	0,5894651624117737
20190814_14-44-24-433_sgm01203.jpg	1	1	0,5334291626419201
20190814_14-44-24-433_sgm01204.jpg	1	1	0,6324178646584574
20190814_14-44-24-433_sgm01205.jpg	1	1	0,6230722880058998
20190814_14-44-24-433_sgm01266.jpg	1	1	0,6800222821131997
20190814_14-44-24-433_sgm01267.jpg	1	1	0,6340513744077014
20190814_14-44-24-433_sgm01270.jpg	1	1	0,6521289609507545
20190814_14-44-24-433_sgm01271.jpg	1	1	0,596802197456211
20190814_14-44-24-433_sgm01272.jpg	1	1	0,5058413159323218
20190814_14-44-24-433_sgm01275.jpg	1	1	0,6680826938671895
20190814_14-44-24-433_sgm01326.jpg	1	1	0,6229498560423455
20190814_14-44-24-433_sgm01327.jpg	1	1	0,647991515081651
20190814_14-44-24-433_sgm01328.jpg	1	1	0,5758509913798602
20190814_14-44-24-433_sgm01329.jpg	1	1	0,49631331214304375
20190814_14-44-24-433_sgm01332.jpg	1	1	0,5863476973286165
20190814_14-44-24-433_sgm01333.jpg	1	1	0,5280728897475507
20190814_14-44-24-433_sgm01334.jpg	1	1	0,4120390014288842
20190816_10-30-47-864_sgm00023.jpg	1	2	0,48388454937426634
20190816_10-30-47-864_sgm00024.jpg	1	2	0,3865883416176827
20190816_10-30-47-864_sgm00025.jpg	1	0	0,5000228281477302
20190816_10-30-47-864_sgm00028.jpg	1	0	0,4328917261831835
20190816_10-30-47-864_sgm00031.jpg	1	0	0,4822718155411055
20190816_10-30-47-864_sgm00032.jpg	1	2	0,3718186633740354
20190816_10-30-47-864_sgm00033.jpg	1	2	0,3798309391555511
20190816_10-30-47-864_sgm00034.jpg	1	2	0,6321322007755777
20190816_10-30-47-864_sgm00035.jpg	1	2	0,638510080422693
20190816_10-30-47-864_sgm00039.jpg	1	0	0,48733101194269884
20190816_10-30-47-864_sgm00041.jpg	1	2	0,3942791688549513
20190816_10-30-47-864_sgm00042.jpg	1	2	0,5921761997798061
20190816_10-30-47-864_sgm00056.jpg	1	0	0,4500258598425479
20190816_10-30-47-864_sgm00062.jpg	1	2	0,44941764302131565
20190816_11-08-09-342_sgm00006.jpg	1	2	0,5632421715343819
20190816_11-08-09-342_sgm00008.jpg	1	2	0,5895157939217046
20190816_11-08-09-342_sgm00009.jpg	1	2	0,49166832602315247
20190816_11-08-09-342_sgm00010.jpg	1	0	0,4355127109616006
20190816_11-08-09-342_sgm00012.jpg	1	1	0,41156216135000795
20190816_11-08-09-342_sgm00015.jpg	1	2	0,6849463601754779
20190816_11-08-09-342_sgm00102.jpg	1	2	0,577470651839154
20190819_10-32-50-611_sgm00088.jpg	1	1	0,4928637504054108
20190819_10-32-50-611_sgm00089.jpg	1	1	0,5552779612959187
20190819_10-32-50-611_sgm00090.jpg	1	1	0,625323379545731
20190819_10-32-50-611_sgm00091.jpg	1	1	0,6588744220175039
20190819_10-32-50-611_sgm00092.jpg	1	1	0,5672412803851612
20190819_10-32-50-611_sgm00093.jpg	1	1	0,5484609345963399
20190819_10-32-50-611_sgm00094.jpg	1	1	0,5964906664712575
20190819_10-32-50-611_sgm00095.jpg	1	1	0,4795617880871153
20190819_10-32-50-611_sgm00096.jpg	1	2	0,5106662506610646
20190819_10-32-50-611_sgm00097.jpg	1	1	0,4091834696870848
20190819_10-32-50-611_sgm00108.jpg	1	1	0,4622427760303612
20190819_10-32-50-611_sgm00109.jpg	1	2	0,5899977663038971
20190819_10-32-50-611_sgm00110.jpg	1	2	0,44987674516112436
20190819_10-32-50-611_sgm00112.jpg	1	1	0,5581915077466933
20190819_10-32-50-611_sgm00113.jpg	1	1	0,6613381297475562
20190819_10-32-50-611_sgm00114.jpg	1	2	0,6481237940861304
20190819_10-32-50-611_sgm00116.jpg	1	1	0,4389642708044002
20190819_10-32-50-611_sgm00117.jpg	1	1	0,4633487319490574
20190819_10-32-50-611_sgm00179.jpg	1	1	0,45402525330086996
20190819_10-32-50-611_sgm00180.jpg	1	1	0,6497720579358035
20190819_10-32-50-611_sgm00182.jpg	1	2	0,4341189971685088
20190819_10-32-50-611_sgm00183.jpg	1	2	0,4148523416202748
20190819_10-32-50-611_sgm00184.jpg	1	1	0,4707181027896193
20190819_10-32-50-611_sgm00186.jpg	1	2	0,6886698945588597
20190819_10-32-50-611_sgm00187.jpg	1	2	0,5291235187622997
20190819_10-32-50-611_sgm00218.jpg	1	1	0,6448473325266008
20190819_10-32-50-611_sgm00220.jpg	1	1	0,46616612486467013
20190819_10-32-50-611_sgm00223.jpg	1	1	0,514164403247064
20190819_10-32-50-611_sgm00224.jpg	1	2	0,48023704813587287
20190819_10-32-50-611_sgm00225.jpg	1	2	0,4981103564904425
20190819_10-32-50-611_sgm00308.jpg	1	1	0,48085323894228904
20190819_10-32-50-611_sgm00309.jpg	1	2	0,4825347373185017
20190819_10-32-50-611_sgm00311.jpg	1	1	0,4430297895758443
20190819_10-32-50-611_sgm00313.jpg	1	1	0,5262371576463004
20190819_10-32-50-611_sgm00314.jpg	1	0	0,5717669518195894
20190819_10-32-50-611_sgm00316.jpg	1	0	0,5151614133559893
20190819_10-32-50-611_sgm00408.jpg	1	1	0,748804744937647
20190819_10-32-50-611_sgm00409.jpg	1	1	0,7035109239656501
20190819_10-32-50-611_sgm00410.jpg	1	1	0,6156103289424034
20190819_10-32-50-611_sgm00411.jpg	1	1	0,5815414945465069
20190819_10-32-50-611_sgm00412.jpg	1	1	0,5911567637329126
20190819_10-32-50-611_sgm00414.jpg	1	1	0,6693800004244636
20190819_10-32-50-611_sgm00415.jpg	1	1	0,5384610413741682
20190819_10-32-50-611_sgm00416.jpg	1	1	0,597913331650557
20190819_10-32-50-611_sgm00417.jpg	1	1	0,5714744160922477
20190819_10-32-50-611_sgm00438.jpg	1	1	0,5851934892640619
20190819_10-32-50-611_sgm00439.jpg	1	1	0,63016435199673
20190819_10-32-50-611_sgm00440.jpg	1	1	0,7098583245197642
20190819_10-32-50-611_sgm00443.jpg	1	1	0,6338569433948887
20190819_10-32-50-611_sgm00444.jpg	1	1	0,6983558505133367
20190819_10-32-50-611_sgm00445.jpg	1	1	0,555213227052706
20190819_10-32-50-611_sgm00446.jpg	1	1	0,5196505188302092
20190819_10-32-50-611_sgm00449.jpg	1	1	0,6171533754330664
20190819_10-32-50-611_sgm00451.jpg	1	1	0,5275300260713145
20190819_10-32-50-611_sgm00452.jpg	1	1	0,7201079482703756
20190819_10-32-50-611_sgm00456.jpg	1	1	0,7420639774232499
20190819_10-32-50-611_sgm00457.jpg	1	1	0,6513883075012433
20190819_10-32-50-611_sgm00468.jpg	1	1	0,6698861601772803
20190819_10-32-50-611_sgm00469.jpg	1	1	0,6315182156262371
20190819_10-32-50-611_sgm00470.jpg	1	1	0,662522324998461
20190819_10-32-50-611_sgm00471.jpg	1	1	0,5271095774930322
20190819_10-32-50-611_sgm00472.jpg	1	1	0,5715228550620568
20190819_10-32-50-611_sgm00473.jpg	1	1	0,543588790276829
20190819_10-32-50-611_sgm00474.jpg	1	1	0,6210372251580154
20190819_10-32-50-611_sgm00476.jpg	1	1	0,5595252284056671
20190819_10-32-50-611_sgm00588.jpg	1	1	0,603820629026885
20190819_10-32-50-611_sgm00589.jpg	1	1	0,4628394647825751
20190819_10-32-50-611_sgm00590.jpg	1	1	0,4913406508296381
20190819_10-32-50-611_sgm00591.jpg	1	1	0,4724513920987529
20190819_10-32-50-611_sgm00593.jpg	1	1	0,435441720030701
20190819_10-32-50-611_sgm00594.jpg	1	2	0,5675589824815893
20190819_10-32-50-611_sgm00595.jpg	1	1	0,6044099011402809
20190819_10-32-50-611_sgm00597.jpg	1	1	0,5128363047746791
20190819_10-32-50-611_sgm00608.jpg	1	1	0,6557204439667895
20190819_10-32-50-611_sgm00609.jpg	1	1	0,5996843630269139
20190819_10-32-50-611_sgm00610.jpg	1	1	0,7590479811208172
20190819_10-32-50-611_sgm00612.jpg	1	1	0,6974627279359827
20190819_10-32-50-611_sgm00613.jpg	1	1	0,7202505270707027
20190819_10-32-50-611_sgm00614.jpg	1	1	0,7410091458095251
20190819_10-32-50-611_sgm00615.jpg	1	1	0,5398630945781223
20190819_10-32-50-611_sgm00617.jpg	1	1	0,7830699580646804
20190819_10-32-50-611_sgm00620.jpg	1	1	0,7063715108887991
20190819_10-32-50-611_sgm00621.jpg	1	1	0,6870304861720931
20190819_10-32-50-611_sgm00623.jpg	1	1	0,6307816077502311
20190819_10-32-50-611_sgm00624.jpg	1	1	0,6966964157070572
20190819_10-32-50-611_sgm00625.jpg	1	1	0,7013975398476976
20190819_10-32-50-611_sgm00627.jpg	1	1	0,5415503265206439
20190819_10-32-50-611_sgm00708.jpg	1	1	0,7851668518139719
20190819_10-32-50-611_sgm00709.jpg	1	1	0,7197775049555278
20190819_10-32-50-611_sgm00710.jpg	1	1	0,7485707523504348
20190819_10-32-50-611_sgm00711.jpg	1	1	0,7609441406870514
20190819_10-32-50-611_sgm00712.jpg	1	1	0,7976192592511511
20190819_10-32-50-611_sgm00713.jpg	1	1	0,7568569422818433
20190819_10-32-50-611_sgm00714.jpg	1	1	0,6971217336975033
20190819_10-32-50-611_sgm00715.jpg	1	1	0,7538050693786885
20190819_10-32-50-611_sgm00716.jpg	1	1	0,7466511064727696
20190819_10-32-50-611_sgm00717.jpg	1	1	0,6800640115884274
20190819_10-32-50-611_sgm00738.jpg	1	1	0,5629061504488487
20190819_10-32-50-611_sgm00739.jpg	1	1	0,647196575450991
20190819_10-32-50-611_sgm00740.jpg	1	1	0,7374052063712045
20190819_10-32-50-611_sgm00742.jpg	1	1	0,6967884233934499
20190819_10-32-50-611_sgm00744.jpg	1	1	0,5648238429811393
20190819_10-32-50-611_sgm00746.jpg	1	1	0,6249072996228513
20190819_10-32-50-611_sgm00747.jpg	1	1	0,6403387629804319
20190819_10-32-50-611_sgm00878.jpg	1	1	0,6454978420367525
20190819_10-32-50-611_sgm00880.jpg	1	2	0,45977934329179426
20190819_10-32-50-611_sgm00881.jpg	1	2	0,5409885776075106
20190819_10-32-50-611_sgm00883.jpg	1	1	0,6005266530816981
20190819_10-32-50-611_sgm00884.jpg	1	1	0,5450639054918265
20190819_10-32-50-611_sgm00885.jpg	1	1	0,5508556172907794
20190819_10-32-50-611_sgm00887.jpg	1	1	0,5951978468448251
20190819_10-32-50-611_sgm00908.jpg	1	1	0,6971280495834958
20190819_10-32-50-611_sgm00909.jpg	1	1	0,6864089590417205
20190819_10-32-50-611_sgm00910.jpg	1	1	0,6519803004726591
20190819_10-32-50-611_sgm00911.jpg	1	1	0,41480175300427624
20190819_10-32-50-611_sgm00913.jpg	1	1	0,5261750876392443
20190819_10-32-50-611_sgm00914.jpg	1	1	0,6298827283077523
20190819_10-32-50-611_sgm00915.jpg	1	1	0,6975590569535757
20190819_10-32-50-611_sgm00917.jpg	1	1	0,556961611953253
20190819_10-32-50-611_sgm00978.jpg	1	1	0,4458299943057766
20190819_10-32-50-611_sgm00979.jpg	1	1	0,6558898362878363
20190819_10-32-50-611_sgm00980.jpg	1	1	0,4863137097313081
20190819_10-32-50-611_sgm00983.jpg	1	1	0,684458969345639
20190819_10-32-50-611_sgm00985.jpg	1	0	0,48737885501599515
20190819_10-32-50-611_sgm00986.jpg	1	0	0,5631203524678673
20190819_10-32-50-611_sgm00998.jpg	1	0	0,523357526288754
20190819_10-32-50-611_sgm00999.jpg	1	0	0,5078387394368271
20190819_10-32-50-611_sgm01001.jpg	1	0	0,5360871997341121
20190819_10-32-50-611_sgm01002.jpg	1	0	0,525855663696522
20190819_10-32-50-611_sgm01004.jpg	1	0	0,5102359158728546
20190819_10-32-50-611_sgm01006.jpg	1	1	0,6537855594515065
20190819_10-32-50-611_sgm01007.jpg	1	1	0,46182968347766096
20190819_10-32-50-611_sgm01008.jpg	1	1	0,6316784754776087
20190819_10-32-50-611_sgm01011.jpg	1	1	0,6246925681451547
20190819_10-32-50-611_sgm01012.jpg	1	1	0,5025164108077022
20190819_10-32-50-611_sgm01013.jpg	1	1	0,48836645184957334
20190819_10-32-50-611_sgm01015.jpg	1	1	0,6463022710872792
20190819_10-32-50-611_sgm01018.jpg	1	1	0,7498934464835441
20190819_10-32-50-611_sgm01020.jpg	1	1	0,5752646003747051
20190819_10-32-50-611_sgm01021.jpg	1	1	0,5705311184022257
20190819_10-32-50-611_sgm01022.jpg	1	1	0,5710606381039454
20190819_10-32-50-611_sgm01023.jpg	1	1	0,6898155910310964
20190819_10-32-50-611_sgm01024.jpg	1	1	0,5462442159674498
20190819_10-32-50-611_sgm01027.jpg	1	1	0,47338749357407084
20190819_10-32-50-611_sgm01079.jpg	1	1	0,6032088125317087
20190819_10-32-50-611_sgm01080.jpg	1	1	0,7250447239326478
20190819_10-32-50-611_sgm01081.jpg	1	1	0,668719712561462
20190819_10-32-50-611_sgm01083.jpg	1	1	0,7113234938668613
20190819_10-32-50-611_sgm01084.jpg	1	1	0,6728273901814026
20190819_10-32-50-611_sgm01085.jpg	1	1	0,5090217171989806
20190819_10-32-50-611_sgm01086.jpg	1	1	0,5645110366697984
20190819_10-32-50-611_sgm01087.jpg	1	1	0,6626886555152501
20190819_10-32-50-611_sgm01088.jpg	1	1	0,5270615412860865
20190819_10-32-50-611_sgm01150.jpg	1	1	0,4462763873455341
20190819_10-32-50-611_sgm01153.jpg	1	1	0,6463515819184399
20190819_10-32-50-611_sgm01155.jpg	1	2	0,4595680720119045
20190819_10-32-50-611_sgm01170.jpg	1	1	0,5300298825875818
20190819_10-32-50-611_sgm01172.jpg	1	1	0,5449225670505902
20190819_10-32-50-611_sgm01177.jpg	1	1	0,5099266543914845
20190819_10-32-50-611_sgm01231.jpg	1	0	0,3916779687106383
20190819_10-32-50-611_sgm01232.jpg	1	2	0,46010097101023156
20190819_10-32-50-611_sgm01235.jpg	1	2	0,5655195438852082
20190819_10-32-50-611_sgm01236.jpg	1	1	0,4584751024927671
20190819_10-32-50-611_sgm01260.jpg	1	2	0,5111108400548893
20190819_10-32-50-611_sgm01261.jpg	1	2	0,48009898407961077
20190819_10-32-50-611_sgm01262.jpg	1	2	0,4057834979925894
20190819_10-32-50-611_sgm01263.jpg	1	2	0,5312249407113151
20190819_10-32-50-611_sgm01266.jpg	1	2	0,5116716348282054
20190819_10-32-50-611_sgm01280.jpg	1	2	0,5142292861643966
20190819_10-32-50-611_sgm01282.jpg	1	2	0,5682072483348283
20190819_10-32-50-611_sgm01288.jpg	1	2	0,6009036124479132
20190819_10-32-50-611_sgm01461.jpg	1	0	0,5841944309175605
20190819_11-15-57-991_sgm00049.jpg	1	0	0,7610593758347165
20190819_11-15-57-991_sgm00052.jpg	1	2	0,41660791324185054
20190819_11-15-57-991_sgm00053.jpg	1	2	0,5524577246215631
20190819_11-15-57-991_sgm00054.jpg	1	0	0,47703292583653745
20190819_11-15-57-991_sgm00055.jpg	1	0	0,555863758582058
20190819_11-15-57-991_sgm00056.jpg	1	0	0,5855801598865342
20190819_11-15-57-991_sgm00057.jpg	1	2	0,4445804008695932
20190819_11-15-57-991_sgm00076.jpg	1	2	0,7197357624397022
20190819_11-15-57-991_sgm00078.jpg	1	0	0,3751988767555897
20190819_11-15-57-991_sgm00089.jpg	1	2	0,5772213332602539
20190819_11-15-57-991_sgm00092.jpg	1	0	0,7803935528629626
20190819_11-15-57-991_sgm00093.jpg	1	0	0,5082189461321617
20190819_11-15-57-991_sgm00095.jpg	1	2	0,890886146118377
20190819_11-15-57-991_sgm00096.jpg	1	2	0,4079965120315392
20190819_11-15-57-991_sgm00111.jpg	1	0	0,4888268514709743
20190819_11-15-57-991_sgm00115.jpg	1	0	0,7931181855755632
20190819_11-15-57-991_sgm00116.jpg	1	0	0,5420623829262508
20190819_11-15-57-991_sgm00118.jpg	1	0	0,5281086472363247
20190819_11-15-57-991_sgm00124.jpg	1	2	0,6067969056356838
20190819_11-15-57-991_sgm00125.jpg	1	2	0,7758721556932673
20190819_11-15-57-991_sgm00128.jpg	1	2	0,9248904061789704
20190819_11-15-57-991_sgm00140.jpg	1	2	0,8004347341388549
20190819_11-15-57-991_sgm00142.jpg	1	2	0,6078594354329173
20190819_11-15-57-991_sgm00184.jpg	1	2	0,8650327117706319
20190819_11-15-57-991_sgm00185.jpg	1	0	0,599847055915118
20190819_11-15-57-991_sgm00186.jpg	1	2	0,5081600917766937
20190819_11-15-57-991_sgm00187.jpg	1	2	0,6576378882037921
20190819_11-15-57-991_sgm00201.jpg	1	0	0,6632219725991836
20190819_11-15-57-991_sgm00202.jpg	1	0	0,6883326453201761
20190819_11-15-57-991_sgm00204.jpg	1	0	0,46523645557792237
20190819_11-15-57-991_sgm00205.jpg	1	2	0,7369914851172028
20190819_11-15-57-991_sgm00209.jpg	1	0	0,8078671340048347
20190819_11-15-57-991_sgm00210.jpg	1	0	0,7765677928384263
20190819_11-15-57-991_sgm00213.jpg	1	2	0,7335579162214357
20190819_11-15-57-991_sgm00214.jpg	1	0	0,6806248008314568
20190819_11-15-57-991_sgm00218.jpg	1	2	0,9090725658693813
20190819_12-00-05-082_sgm00103.jpg	1	0	0,4874037224876353
20190819_12-00-05-082_sgm00105.jpg	1	1	0,4197031123147758
20190819_12-00-05-082_sgm00106.jpg	1	1	0,5127101685231712
20190819_12-00-05-082_sgm00107.jpg	1	1	0,5522814835535815
20190819_12-00-05-082_sgm00108.jpg	1	1	0,5678195944223826
20190819_12-00-05-082_sgm00119.jpg	1	0	0,529811561980598
20190819_12-00-05-082_sgm00124.jpg	1	1	0,46475065350666883
20190819_12-00-05-082_sgm00126.jpg	1	1	0,4541176253497887
20190819_12-00-05-082_sgm00149.jpg	1	1	0,4777580726405981
20190819_12-00-05-082_sgm00150.jpg	1	1	0,45456229158777245
20190819_12-00-05-082_sgm00151.jpg	1	1	0,45341141503484794
20190819_12-00-05-082_sgm00153.jpg	1	0	0,45178667268536254
20190819_12-00-05-082_sgm00155.jpg	1	0	0,4650426614784079
20190819_12-00-05-082_sgm00156.jpg	1	1	0,4066093657476715
20190819_12-00-05-082_sgm00157.jpg	1	1	0,45731587306159893
20190819_12-00-05-082_sgm00158.jpg	1	1	0,46271925458571267
20190819_12-00-05-082_sgm00159.jpg	1	0	0,4599126330476639
20190819_12-00-05-082_sgm00160.jpg	1	1	0,4550752539234676
20190819_12-00-05-082_sgm00162.jpg	1	0	0,4627219298744761
20190819_12-00-05-082_sgm00165.jpg	1	1	0,4833051193783936
20190819_12-00-05-082_sgm00166.jpg	1	0	0,5393826926445321
20190819_12-00-05-082_sgm00168.jpg	1	1	0,4163793747054083
20190819_12-00-05-082_sgm00282.jpg	1	2	0,510742899499444
20190819_12-00-05-082_sgm00283.jpg	1	1	0,4185640945765883
20190819_12-00-05-082_sgm00284.jpg	1	1	0,42806785814957227
20190819_12-00-05-082_sgm00285.jpg	1	2	0,5485671246556836
20190819_12-00-05-082_sgm00286.jpg	1	2	0,6188192122574206
20190819_12-00-05-082_sgm00350.jpg	1	1	0,5461775072802589
20190819_12-00-05-082_sgm00351.jpg	1	1	0,6238148588504884
20190819_12-00-05-082_sgm00352.jpg	1	1	0,6092743518366066
20190819_12-00-05-082_sgm00353.jpg	1	1	0,5725542976020012
20190819_12-00-05-082_sgm00357.jpg	1	1	0,5513079209110303
20190819_12-00-05-082_sgm00399.jpg	1	0	0,48465552651263205
20190819_12-00-05-082_sgm00400.jpg	1	0	0,5589791504008969
20190819_12-00-05-082_sgm00403.jpg	1	1	0,5743906011103169
20190819_12-00-05-082_sgm00404.jpg	1	1	0,729696338165156
20190819_12-00-05-082_sgm00405.jpg	1	1	0,6171354980810525
20190819_12-00-05-082_sgm00406.jpg	1	1	0,6202694185057213
20190819_12-00-05-082_sgm00407.jpg	1	1	0,5872872505666367
20190819_12-00-05-082_sgm00460.jpg	1	0	0,48114294645870903
20190819_12-00-05-082_sgm00461.jpg	1	1	0,5029098385963438
20190819_12-00-05-082_sgm00462.jpg	1	0	0,46819694426069414
20190819_12-00-05-082_sgm00465.jpg	1	1	0,4753403113348122
20190819_12-00-05-082_sgm00466.jpg	1	0	0,5164945788399681
20190819_12-00-05-082_sgm00467.jpg	1	0	0,5671145062474806
20190819_12-00-05-082_sgm00468.jpg	1	1	0,5280810419901014
20190819_12-00-05-082_sgm00529.jpg	1	1	0,6470424637063334
20190819_12-00-05-082_sgm00530.jpg	1	1	0,5089739035123397
20190819_12-00-05-082_sgm00531.jpg	1	1	0,5537006115236228
20190819_12-00-05-082_sgm00532.jpg	1	1	0,6348520960088393
20190819_12-00-05-082_sgm00533.jpg	1	1	0,6330131043044613
20190819_12-00-05-082_sgm00535.jpg	1	1	0,5929217768465239
20190819_12-00-05-082_sgm00537.jpg	1	1	0,6354136647776962
20190819_12-00-05-082_sgm00538.jpg	1	1	0,6625003100193682
20190819_12-00-05-082_sgm00551.jpg	1	1	0,6650288863753833
20190819_12-00-05-082_sgm00552.jpg	1	1	0,5993381396515466
20190819_12-00-05-082_sgm00553.jpg	1	1	0,5141644951868322
20190819_12-00-05-082_sgm00554.jpg	1	1	0,6022252294595462
20190819_12-00-05-082_sgm00556.jpg	1	1	0,5288162365360594
20190819_12-00-05-082_sgm00557.jpg	1	1	0,7247585822309972
20190819_12-00-05-082_sgm00558.jpg	1	1	0,5877125407888892
20190819_12-00-05-082_sgm00650.jpg	1	1	0,7144993391195656
20190819_12-00-05-082_sgm00651.jpg	1	1	0,644542819189367
20190819_12-00-05-082_sgm00652.jpg	1	1	0,5449308819725338
20190819_12-00-05-082_sgm00653.jpg	1	1	0,5548806398907337
20190819_12-00-05-082_sgm00654.jpg	1	1	0,5827948554353775
20190819_12-00-05-082_sgm00655.jpg	1	1	0,6052506753015245
20190819_12-00-05-082_sgm00656.jpg	1	1	0,48231758077169495
20190819_12-00-05-082_sgm00657.jpg	1	1	0,5850120005915557
20190819_12-00-05-082_sgm00719.jpg	1	0	0,4376713592568314
20190819_12-00-05-082_sgm00720.jpg	1	0	0,4553132802571685
20190819_12-00-05-082_sgm00724.jpg	1	0	0,5238234368297771
20190819_12-00-05-082_sgm00725.jpg	1	0	0,44930490908494697
20190819_12-00-05-082_sgm00726.jpg	1	0	0,5169316095350147
20190819_12-00-05-082_sgm00727.jpg	1	1	0,5103838025376082
20190819_12-00-05-082_sgm00728.jpg	1	1	0,614973883762131
20190819_12-00-05-082_sgm00739.jpg	1	2	0,3977763588576762
20190819_12-00-05-082_sgm00741.jpg	1	1	0,47157813267175275
20190819_12-00-05-082_sgm00742.jpg	1	1	0,44056204325435827
20190819_12-00-05-082_sgm00743.jpg	1	2	0,3723962352514018
20190819_12-00-05-082_sgm00746.jpg	1	1	0,45171997550617904
20190819_12-00-05-082_sgm00747.jpg	1	0	0,43811467549385624
20190819_12-00-05-082_sgm00748.jpg	1	1	0,5073587702901479
20190819_12-00-05-082_sgm00831.jpg	1	1	0,43640980170309523
20190819_12-00-05-082_sgm00832.jpg	1	1	0,4023603793315629
20190819_12-00-05-082_sgm00833.jpg	1	1	0,6056217198650987
20190819_12-00-05-082_sgm00834.jpg	1	1	0,5281240085911528
20190819_12-00-05-082_sgm00836.jpg	1	1	0,5138599276564241
20190819_12-00-05-082_sgm00837.jpg	1	1	0,6335123438079594
20190819_12-00-05-082_sgm00838.jpg	1	1	0,48868139531662225
20190819_12-00-05-082_sgm00839.jpg	1	1	0,718702688684959
20190819_12-00-05-082_sgm00840.jpg	1	1	0,6983733125250275
20190819_12-00-05-082_sgm00842.jpg	1	1	0,7128437130008852
20190819_12-00-05-082_sgm00843.jpg	1	1	0,5055559617420414
20190819_12-00-05-082_sgm00844.jpg	1	1	0,654739018177875
20190819_12-00-05-082_sgm00845.jpg	1	1	0,6112205551023966
20190819_12-00-05-082_sgm00846.jpg	1	1	0,5345207461700515
20190819_12-00-05-082_sgm00849.jpg	1	0	0,5183177031165831
20190819_12-00-05-082_sgm00850.jpg	1	0	0,5613101762197114
20190819_12-00-05-082_sgm00853.jpg	1	1	0,5803580721640146
20190819_12-00-05-082_sgm00855.jpg	1	1	0,6634571848723373
20190819_12-00-05-082_sgm00856.jpg	1	1	0,6081413073957125
20190819_12-00-05-082_sgm00857.jpg	1	1	0,5626714037659012
20190819_12-00-05-082_sgm00860.jpg	1	1	0,5349213116498707
20190819_12-00-05-082_sgm00871.jpg	1	0	0,4859516285878701
20190819_12-00-05-082_sgm00872.jpg	1	0	0,5354979217910598
20190819_12-00-05-082_sgm00877.jpg	1	0	0,5582899647454153
20190819_12-00-05-082_sgm00878.jpg	1	0	0,531213225355161
20190819_12-00-05-082_sgm00879.jpg	1	1	0,48665384092185393
20190819_12-00-05-082_sgm00880.jpg	1	0	0,5777094378507298
20190819_12-00-05-082_sgm00894.jpg	1	1	0,4464061883284868
20190819_12-00-05-082_sgm00896.jpg	1	1	0,5328112380556628
20190819_12-00-05-082_sgm00898.jpg	1	1	0,6085952116272114
20190819_12-00-05-082_sgm00899.jpg	1	1	0,4648102428177099
20190819_12-00-05-082_sgm00900.jpg	1	0	0,5384579923787863
20190819_12-00-05-082_sgm00901.jpg	1	1	0,5247189078699324
20190819_12-00-05-082_sgm00902.jpg	1	1	0,6521921859322932
20190819_12-00-05-082_sgm00904.jpg	1	1	0,5942203843045418
20190819_12-00-05-082_sgm00905.jpg	1	1	0,6282982117536816
20190819_12-00-05-082_sgm00907.jpg	1	1	0,5889340222017057
20190819_12-00-05-082_sgm00908.jpg	1	1	0,7207724692159162
20190819_12-00-05-082_sgm00909.jpg	1	1	0,6553261074773079
20190819_12-00-05-082_sgm00910.jpg	1	1	0,4780260556254717
20190819_12-00-05-082_sgm00914.jpg	1	1	0,6061846026456592
20190819_12-00-05-082_sgm00915.jpg	1	1	0,5103118917802639
20190819_12-00-05-082_sgm00916.jpg	1	1	0,506910555741697
20190819_12-00-05-082_sgm00918.jpg	1	1	0,5068705838999131
20190819_12-00-05-082_sgm00919.jpg	1	1	0,5697055670951081
20190819_12-00-05-082_sgm00920.jpg	1	1	0,4783009169931139
20190819_12-00-05-082_sgm00961.jpg	1	0	0,5322420891160639
20190819_12-00-05-082_sgm00963.jpg	1	1	0,6937712500390989
20190819_12-00-05-082_sgm00966.jpg	1	0	0,605133620808436
20190819_12-00-05-082_sgm00968.jpg	1	1	0,5611953645905762
20190819_12-00-05-082_sgm00969.jpg	1	1	0,5417501698676145
20190819_12-00-05-082_sgm00970.jpg	1	0	0,6943333063875781
20190819_12-00-05-082_sgm01012.jpg	1	0	0,5618642916531869
20190819_12-00-05-082_sgm01015.jpg	1	1	0,462528328565126
20190819_12-00-05-082_sgm01016.jpg	1	1	0,491575845882306
20190819_12-00-05-082_sgm01017.jpg	1	0	0,6030441654709287
20190819_12-00-05-082_sgm01018.jpg	1	1	0,4417531553431155
20190819_12-00-05-082_sgm01019.jpg	1	1	0,6753428088760103
20190819_12-00-05-082_sgm01020.jpg	1	1	0,4765674427910423
20190819_12-00-05-082_sgm01151.jpg	1	0	0,4646208633525786
20190819_12-00-05-082_sgm01152.jpg	1	0	0,5145750168530916
20190819_12-00-05-082_sgm01153.jpg	1	1	0,5666302871837593
20190819_12-00-05-082_sgm01154.jpg	1	1	0,4824281309143765
20190819_12-00-05-082_sgm01156.jpg	1	0	0,5501554274763024
20190819_12-00-05-082_sgm01157.jpg	1	1	0,489806025566867
20190819_12-00-05-082_sgm01271.jpg	1	2	0,4343918883908999
20190819_12-00-05-082_sgm01272.jpg	1	0	0,371336152790935
20190819_12-00-05-082_sgm01273.jpg	1	2	0,5115003866896827
20190819_12-00-05-082_sgm01275.jpg	1	2	0,4361923431276074
20190819_12-00-05-082_sgm01279.jpg	1	2	0,5824024216153066
20190819_12-00-05-082_sgm01280.jpg	1	2	0,4571406094908347
20190819_12-26-11-227_sgm00087.jpg	1	2	0,8426744918479919
20190819_12-50-08-839_sgm00058.jpg	1	0	0,373604863137819
20190819_12-50-08-839_sgm00059.jpg	1	0	0,5011365487031681
20190819_12-50-08-839_sgm00060.jpg	1	1	0,401699771360408
20190819_12-50-08-839_sgm00061.jpg	1	1	0,3984435764371665
20190819_12-50-08-839_sgm00063.jpg	1	1	0,40540406710531623
20190819_12-50-08-839_sgm00065.jpg	1	2	0,7084328453326348
20190819_12-50-08-839_sgm00092.jpg	1	0	0,5226314160532918
20190819_12-50-08-839_sgm00170.jpg	1	1	0,5607000572136314
20190819_12-50-08-839_sgm00172.jpg	1	0	0,48470694938295433
20190819_12-50-08-839_sgm00173.jpg	1	0	0,5725413636546883
20190819_12-50-08-839_sgm00175.jpg	1	0	0,523887071762232
20190819_12-50-08-839_sgm00176.jpg	1	1	0,4670366001455174
20190819_12-50-08-839_sgm00188.jpg	1	0	0,8455453415419689
20190819_12-50-08-839_sgm00194.jpg	1	0	0,7938394582790064
20190819_12-50-08-839_sgm00345.jpg	1	1	0,4636696782980095
20190819_12-50-08-839_sgm00346.jpg	1	2	0,5634266454788479
20190819_12-50-08-839_sgm00349.jpg	1	1	0,5384736547700846
20190819_12-50-08-839_sgm00350.jpg	1	1	0,4673821362330455
20190819_12-50-08-839_sgm00351.jpg	1	1	0,4111782828966221
20190819_12-50-08-839_sgm00394.jpg	1	1	0,43945808572475803
20190819_12-50-08-839_sgm00398.jpg	1	1	0,4498787830862529
20190819_12-50-08-839_sgm00400.jpg	1	0	0,4681008155057487
20190819_12-50-08-839_sgm00401.jpg	1	1	0,5187149067542518
20190819_12-50-08-839_sgm00405.jpg	1	1	0,42632891533918116
20190819_12-50-08-839_sgm00407.jpg	1	0	0,5118615811596704
20190819_12-50-08-839_sgm00410.jpg	1	1	0,5028107484895541
20190819_12-50-08-839_sgm00411.jpg	1	0	0,7737033611959684
20190819_12-50-08-839_sgm00412.jpg	1	0	0,646350984772591
20190819_12-50-08-839_sgm00495.jpg	1	2	0,9005208078521034
20190819_12-50-08-839_sgm00496.jpg	1	2	0,8919815083581389
20190819_12-50-08-839_sgm00497.jpg	1	2	0,8700343959757076
20190819_12-50-08-839_sgm00498.jpg	1	2	0,9103573513659631
20190819_12-50-08-839_sgm00502.jpg	1	2	0,5453723720714586
20190819_12-50-08-839_sgm00503.jpg	1	2	0,8378931200575973
20190819_12-50-08-839_sgm00706.jpg	1	1	0,35907909342935135
20190819_12-50-08-839_sgm00707.jpg	1	1	0,5340486633198425
20190819_12-50-08-839_sgm00708.jpg	1	1	0,39832280688295285
20190819_12-50-08-839_sgm00710.jpg	1	1	0,4769433691031607
20190819_12-50-08-839_sgm00713.jpg	1	1	0,5181303948886303
20190819_12-50-08-839_sgm00734.jpg	1	2	0,6718213612823724
20190819_12-50-08-839_sgm00735.jpg	1	2	0,6250558225644617
20190819_12-50-08-839_sgm00736.jpg	1	2	0,5279709815988803
20190819_12-50-08-839_sgm00737.jpg	1	2	0,8390150131606932
20190819_12-50-08-839_sgm00738.jpg	1	2	0,9447370032708754
20190819_12-50-08-839_sgm00740.jpg	1	2	0,8751147995038139
20190819_12-50-08-839_sgm00741.jpg	1	2	0,8617079569397756
20190819_12-50-08-839_sgm00742.jpg	1	2	0,7476080629458146
20190819_12-50-08-839_sgm00743.jpg	1	2	0,9752521546055941
20190819_12-50-08-839_sgm00746.jpg	1	2	0,6082479584995397
20190819_12-50-08-839_sgm00748.jpg	1	2	0,6719756472483102
20190819_12-50-08-839_sgm00749.jpg	1	2	0,6796966410456471
20190819_12-50-08-839_sgm00750.jpg	1	2	0,6706351748419935
20190819_12-50-08-839_sgm00751.jpg	1	2	0,4750940241569476
20190819_12-50-08-839_sgm00752.jpg	1	1	0,4833891573736778
20190819_12-50-08-839_sgm00753.jpg	1	1	0,48596008643393884
20190819_12-50-08-839_sgm00765.jpg	1	1	0,5048629451808435
20190819_12-50-08-839_sgm00767.jpg	1	1	0,517761937616963
20190819_12-50-08-839_sgm00768.jpg	1	1	0,5538229676371534
20190819_12-50-08-839_sgm00769.jpg	1	2	0,4802080239132974
20190819_12-50-08-839_sgm00770.jpg	1	1	0,4438109254494698
20190819_12-50-08-839_sgm00771.jpg	1	1	0,5603935095355609
20190819_12-50-08-839_sgm00773.jpg	1	2	0,467134487230335
20190819_12-50-08-839_sgm00774.jpg	1	2	0,44760002784043695
20190819_12-50-08-839_sgm00775.jpg	1	1	0,5061284904026649
20190819_12-50-08-839_sgm00777.jpg	1	2	0,46625271304147387
20190819_12-50-08-839_sgm00779.jpg	1	2	0,6890202045170789
20190819_12-50-08-839_sgm00783.jpg	1	2	0,5488817287065381
20190819_12-50-08-839_sgm00854.jpg	1	1	0,6370901510206463
20190819_12-50-08-839_sgm00856.jpg	1	1	0,5610464321725979
20190819_12-50-08-839_sgm00857.jpg	1	0	0,4669038895627557
20190819_12-50-08-839_sgm00858.jpg	1	0	0,45110145644346195
20190819_12-50-08-839_sgm00859.jpg	1	1	0,49602558666832886
20190819_12-50-08-839_sgm00860.jpg	1	0	0,3905844620342444
20190819_12-50-08-839_sgm00861.jpg	1	1	0,5080629349105105
20190819_12-50-08-839_sgm00862.jpg	1	1	0,5066166263814043
20190819_12-50-08-839_sgm00863.jpg	1	1	0,48804653333702
20190819_12-50-08-839_sgm00875.jpg	1	1	0,6605088641383414
20190819_12-50-08-839_sgm00876.jpg	1	1	0,46875569071789663
20190819_12-50-08-839_sgm00877.jpg	1	1	0,488643181293394
20190819_12-50-08-839_sgm00878.jpg	1	1	0,48007082663401696
20190819_12-50-08-839_sgm00879.jpg	1	1	0,5486319015313093
20190819_12-50-08-839_sgm00880.jpg	1	1	0,6719603672522277
20190819_12-50-08-839_sgm00881.jpg	1	0	0,5062091650177162
20190819_12-50-08-839_sgm00882.jpg	1	1	0,5114040238356756
20190819_12-50-08-839_sgm00885.jpg	1	1	0,4975161454496915
20190819_12-50-08-839_sgm00886.jpg	1	0	0,5006103950638081
20190819_12-50-08-839_sgm00887.jpg	1	1	0,6488967431887488
20190819_12-50-08-839_sgm00888.jpg	1	1	0,6693455093562508
20190819_12-50-08-839_sgm00889.jpg	1	1	0,6619461487993692
20190819_12-50-08-839_sgm00890.jpg	1	1	0,7678833468282067
20190819_12-50-08-839_sgm00891.jpg	1	1	0,823556158863557
20190819_12-50-08-839_sgm00892.jpg	1	1	0,7850081470416639
20190819_12-50-08-839_sgm00894.jpg	1	1	0,43231475747131587
20190819_12-50-08-839_sgm00896.jpg	1	0	0,4643901502051521
20190819_12-50-08-839_sgm00897.jpg	1	0	0,43908524507349883
20190819_12-50-08-839_sgm00901.jpg	1	0	0,4948551734786991
20190819_12-50-08-839_sgm00902.jpg	1	1	0,5079207765364956
20190819_12-50-08-839_sgm00903.jpg	1	1	0,47910751603164997
20190819_12-50-08-839_sgm00914.jpg	1	1	0,6480694229690174
20190819_12-50-08-839_sgm00916.jpg	1	1	0,6045081510382685
20190819_12-50-08-839_sgm00917.jpg	1	1	0,5643377114677893
20190819_12-50-08-839_sgm00918.jpg	1	1	0,5112331395089345
20190819_12-50-08-839_sgm00920.jpg	1	1	0,5844981811953401
20190819_12-50-08-839_sgm00922.jpg	1	1	0,44285564565782076
20190819_12-50-08-839_sgm00923.jpg	1	1	0,48107512693073134
20190819_12-50-08-839_sgm00934.jpg	1	1	0,8242302133217891
20190819_12-50-08-839_sgm00935.jpg	1	1	0,8310522317880497
20190819_12-50-08-839_sgm00939.jpg	1	1	0,7543900863763007
20190819_12-50-08-839_sgm00940.jpg	1	1	0,672189683811443
20190819_12-50-08-839_sgm00941.jpg	1	1	0,5905872419232162
20190819_12-50-08-839_sgm00942.jpg	1	1	0,5018535843309031
20190819_12-50-08-839_sgm00986.jpg	1	1	0,8207155123994437
20190819_12-50-08-839_sgm00987.jpg	1	1	0,814361392995239
20190819_12-50-08-839_sgm00988.jpg	1	1	0,6779011072531594
20190819_12-50-08-839_sgm00989.jpg	1	1	0,7438987098021825
20190819_12-50-08-839_sgm00990.jpg	1	1	0,7291780605338112
20190819_12-50-08-839_sgm00991.jpg	1	1	0,7523418539691358
20190819_12-50-08-839_sgm00992.jpg	1	1	0,7204852221934162
20190819_12-50-08-839_sgm00993.jpg	1	1	0,6510202267719468
20190819_12-50-08-839_sgm01054.jpg	1	1	0,47816831171392343
20190819_12-50-08-839_sgm01055.jpg	1	1	0,4798606994905514
20190819_12-50-08-839_sgm01056.jpg	1	1	0,38539253993616784
20190819_12-50-08-839_sgm01057.jpg	1	1	0,547138977124399
20190819_12-50-08-839_sgm01058.jpg	1	1	0,7203779983412874
20190819_12-50-08-839_sgm01059.jpg	1	1	0,5986898975677298
20190819_12-50-08-839_sgm01060.jpg	1	1	0,5751303082240732
20190819_12-50-08-839_sgm01063.jpg	1	1	0,4956628628469826
20190819_12-50-08-839_sgm01064.jpg	1	1	0,6358569784118834
20190819_12-50-08-839_sgm01066.jpg	1	1	0,5865833711483149
20190819_12-50-08-839_sgm01067.jpg	1	1	0,6935083219009586
20190819_12-50-08-839_sgm01068.jpg	1	1	0,7558765906420067
20190819_12-50-08-839_sgm01069.jpg	1	1	0,6651527691954423
20190819_12-50-08-839_sgm01071.jpg	1	1	0,6485915933647515
20190819_12-50-08-839_sgm01094.jpg	1	1	0,6192134302051816
20190819_12-50-08-839_sgm01095.jpg	1	1	0,7134410794578346
20190819_12-50-08-839_sgm01096.jpg	1	1	0,7596748750502006
20190819_12-50-08-839_sgm01098.jpg	1	1	0,7332710808388093
20190819_12-50-08-839_sgm01099.jpg	1	1	0,7200283971483802
20190819_12-50-08-839_sgm01102.jpg	1	1	0,789684458188986
20190819_12-50-08-839_sgm01103.jpg	1	1	0,8166734120903069
20190819_12-50-08-839_sgm01134.jpg	1	1	0,6353898048540422
20190819_12-50-08-839_sgm01135.jpg	1	1	0,7574382329455168
20190819_12-50-08-839_sgm01136.jpg	1	1	0,7696054727049796
20190819_12-50-08-839_sgm01137.jpg	1	1	0,7164437775388502
20190819_12-50-08-839_sgm01139.jpg	1	1	0,7738212665356606
20190819_12-50-08-839_sgm01140.jpg	1	1	0,7777713777904564
20190819_12-50-08-839_sgm01141.jpg	1	1	0,8152111112302579
20190819_12-50-08-839_sgm01142.jpg	1	1	0,7684593190771281
20190819_12-50-08-839_sgm01143.jpg	1	1	0,6741604907518235
20190819_12-50-08-839_sgm01144.jpg	1	1	0,7455673565990675
20190819_12-50-08-839_sgm01145.jpg	1	1	0,8594179961979963
20190819_12-50-08-839_sgm01148.jpg	1	1	0,8065660513598125
20190819_12-50-08-839_sgm01149.jpg	1	1	0,7927736954865555
20190819_12-50-08-839_sgm01150.jpg	1	1	0,8557833158215096
20190819_12-50-08-839_sgm01151.jpg	1	1	0,7771369385432789
20190819_12-50-08-839_sgm01153.jpg	1	1	0,7378542327229602
20190819_12-50-08-839_sgm01247.jpg	1	1	0,7117749445372062
20190819_12-50-08-839_sgm01248.jpg	1	1	0,7161919359440071
20190819_12-50-08-839_sgm01252.jpg	1	1	0,588319264955254
20190819_12-50-08-839_sgm01254.jpg	1	1	0,6113793263476816
20190819_12-50-08-839_sgm01257.jpg	1	1	0,601646263533831
20190819_12-50-08-839_sgm01258.jpg	1	1	0,7301671091167773
20190819_12-50-08-839_sgm01260.jpg	1	1	0,6421068124211542
20190819_12-50-08-839_sgm01262.jpg	1	1	0,7363099701713621
20190819_12-50-08-839_sgm01263.jpg	1	1	0,6355284321664952
20190819_12-50-08-839_sgm01264.jpg	1	1	0,6228129701751737
20190819_12-50-08-839_sgm01265.jpg	1	1	0,5564768407812003
20190819_12-50-08-839_sgm01266.jpg	1	1	0,5931557090048624
20190819_12-50-08-839_sgm01267.jpg	1	1	0,5708622318169713
20190819_12-50-08-839_sgm01268.jpg	1	1	0,6156265842601067
20190819_12-50-08-839_sgm01270.jpg	1	1	0,7194406308569814
20190819_12-50-08-839_sgm01271.jpg	1	1	0,6478830699192895
20190819_12-50-08-839_sgm01272.jpg	1	1	0,612658650528113
20190819_12-50-08-839_sgm01273.jpg	1	1	0,574815562839138
20190819_12-50-08-839_sgm01354.jpg	1	1	0,49577298485379184
20190819_12-50-08-839_sgm01355.jpg	1	1	0,4311079787924804
20190819_12-50-08-839_sgm01356.jpg	1	1	0,4719700119378723
20190819_12-50-08-839_sgm01357.jpg	1	2	0,4435427975573407
20190819_12-50-08-839_sgm01358.jpg	1	1	0,5308110704309683
20190819_12-50-08-839_sgm01359.jpg	1	1	0,5520001346292553
20190819_12-50-08-839_sgm01360.jpg	1	1	0,5305449598886718
20190819_12-50-08-839_sgm01361.jpg	1	1	0,5006219726151325
20190819_12-50-08-839_sgm01363.jpg	1	1	0,5302760116969121
20190819_12-50-08-839_sgm01394.jpg	1	1	0,7217183472340577
20190819_12-50-08-839_sgm01396.jpg	1	1	0,614638744070022
20190819_12-50-08-839_sgm01397.jpg	1	1	0,6547479160492798
20190819_12-50-08-839_sgm01398.jpg	1	1	0,6549803181899215
20190819_12-50-08-839_sgm01399.jpg	1	1	0,6306638445329071
20190819_12-50-08-839_sgm01400.jpg	1	1	0,6201146774629049
20190819_12-50-08-839_sgm01402.jpg	1	1	0,6656398225210026
20190819_12-50-08-839_sgm01403.jpg	1	1	0,5307869622088195
20190819_12-50-08-839_sgm01444.jpg	1	1	0,587882287572379
20190819_12-50-08-839_sgm01447.jpg	1	1	0,576436399634264
20190819_12-50-08-839_sgm01451.jpg	1	1	0,5405454812119362
20190819_12-50-08-839_sgm01453.jpg	1	1	0,6885705041826566
20190819_12-50-08-839_sgm01455.jpg	1	1	0,6191952348302213
20190819_12-50-08-839_sgm01456.jpg	1	1	0,6008914349115423
20190819_12-50-08-839_sgm01458.jpg	1	1	0,712292421710785
20190819_12-50-08-839_sgm01459.jpg	1	1	0,6905171434348634
20190819_12-50-08-839_sgm01460.jpg	1	1	0,6657485811972477
20190819_12-50-08-839_sgm01463.jpg	1	1	0,6516528034964405
20190819_12-50-08-839_sgm01556.jpg	1	0	0,47119986313417184
20190819_12-50-08-839_sgm01559.jpg	1	0	0,45108352267599444
20190819_12-50-08-839_sgm01560.jpg	1	2	0,5323098561088692
20190819_12-50-08-839_sgm01562.jpg	1	0	0,6021960471894446
20190819_13-39-58-707_sgm00009.jpg	1	0	0,8243240898961703
20190819_13-39-58-707_sgm00015.jpg	1	0	0,7131909947663508
20190819_13-39-58-707_sgm00017.jpg	1	0	0,7395988052316097
20190819_13-39-58-707_sgm00086.jpg	1	0	0,5974675900746182
20190819_13-39-58-707_sgm00087.jpg	1	0	0,4277605148021796
20190819_13-39-58-707_sgm00088.jpg	1	0	0,3941732411657867
20190819_13-39-58-707_sgm00100.jpg	1	2	0,7943668103585088
20190819_13-39-58-707_sgm00105.jpg	1	2	0,6852452511637123
20190819_13-39-58-707_sgm00108.jpg	1	0	0,5481401680425975
20190819_13-48-34-589_sgm00018.jpg	1	2	0,7279095632941458
20190819_13-48-34-589_sgm00020.jpg	1	0	0,7331782762517544
20190819_13-48-34-589_sgm00025.jpg	1	0	0,8713805444392282
20190819_13-48-34-589_sgm00027.jpg	1	0	0,6364689412796929
20190819_13-48-34-589_sgm00072.jpg	1	1	0,5387500039883092
20190819_13-48-34-589_sgm00073.jpg	1	1	0,5716831553241389
20190819_13-48-34-589_sgm00076.jpg	1	1	0,5703012480969999
20190819_13-48-34-589_sgm00077.jpg	1	1	0,6659877064206061
20190819_13-48-34-589_sgm00078.jpg	1	1	0,7230609960651638
20190819_13-48-34-589_sgm00079.jpg	1	1	0,650244612578716
20190819_13-48-34-589_sgm00080.jpg	1	1	0,5702059747888922
20190819_13-48-34-589_sgm00082.jpg	1	1	0,543756747579098
20190819_13-48-34-589_sgm00083.jpg	1	1	0,5426980881428134
20190819_13-48-34-589_sgm00084.jpg	1	0	0,5207789639584091
20190819_13-57-11-762_sgm00109.jpg	1	0	0,9712852471032334
20190819_13-57-11-762_sgm00112.jpg	1	0	0,9648684738175266
20190819_13-57-11-762_sgm00113.jpg	1	0	0,9839981689673298
20190819_13-57-11-762_sgm00114.jpg	1	0	0,9321700945668648
20190819_13-57-11-762_sgm00115.jpg	1	0	0,9469781489832328
20190819_13-57-11-762_sgm00117.jpg	1	0	0,6410512820597677
20190819_13-57-11-762_sgm00191.jpg	1	0	0,4947292135192505
20190819_13-57-11-762_sgm00194.jpg	1	0	0,9145855600959661
20190819_13-57-11-762_sgm00198.jpg	1	0	0,781889083309059
20190819_13-57-11-762_sgm00199.jpg	1	0	0,49102004246498704
20190819_13-57-11-762_sgm00241.jpg	1	2	0,5994127703485512
20190819_13-57-11-762_sgm00248.jpg	1	0	0,552847544422761
20190819_13-57-11-762_sgm00250.jpg	1	0	0,6257396246147305
20190819_14-39-18-092_sgm00049.jpg	1	0	0,810206386455142
20190819_14-39-18-092_sgm00052.jpg	1	2	0,3826861124947567
20190819_14-39-18-092_sgm00053.jpg	1	0	0,7211913570099566
20190819_14-39-18-092_sgm00064.jpg	1	0	0,7624377652927427
20190819_14-39-18-092_sgm00113.jpg	1	0	0,850607598470176
20190819_14-39-18-092_sgm00115.jpg	1	2	0,4243843259638127
20190819_14-39-18-092_sgm00116.jpg	1	0	0,6057968198303315
20190819_14-39-18-092_sgm00140.jpg	1	0	0,7432407320211056
20190819_14-39-18-092_sgm00142.jpg	1	2	0,3590700187645334
20190819_14-39-18-092_sgm00143.jpg	1	0	0,9408686489299221
20190819_14-39-18-092_sgm00202.jpg	1	0	0,9150319986905836
20190819_14-39-18-092_sgm00203.jpg	1	0	0,9681061681111857
20190819_14-39-18-092_sgm00207.jpg	1	0	0,8282883630613819
20190819_14-39-18-092_sgm00208.jpg	1	0	0,7528192701658083
20190814_14-44-24-433_sgm00063.jpg	2	2	0,45077290039309414
20190814_14-44-24-433_sgm00203.jpg	2	1	0,5794633476907322
20190814_14-44-24-433_sgm00222.jpg	2	1	0,48644816796204227
20190814_14-44-24-433_sgm00282.jpg	2	2	0,9375154554876753
20190814_14-44-24-433_sgm00283.jpg	2	2	0,9276162312693292
20190814_14-44-24-433_sgm00284.jpg	2	2	0,9136869167513777
20190814_14-44-24-433_sgm00597.jpg	2	0	0,43930320322789285
20190814_14-44-24-433_sgm00641.jpg	2	2	0,5204424657935425
20190814_14-44-24-433_sgm00642.jpg	2	1	0,4918827733941976
20190814_14-44-24-433_sgm00645.jpg	2	2	0,45873850346656575
20190814_14-44-24-433_sgm00769.jpg	2	1	0,6609824902258614
20190814_14-44-24-433_sgm00838.jpg	2	1	0,8147811634430183
20190814_14-44-24-433_sgm01127.jpg	2	1	0,7150481403912629
20190814_14-44-24-433_sgm01133.jpg	2	1	0,6915496640951896
20190814_14-44-24-433_sgm01144.jpg	2	1	0,7508577808748891
20190814_14-44-24-433_sgm01330.jpg	2	0	0,7537238398032582
20190814_14-44-24-433_sgm01335.jpg	2	0	0,5302571743111744
20190816_10-30-47-864_sgm00027.jpg	2	2	0,5930266778922184
20190816_10-30-47-864_sgm00040.jpg	2	2	0,5025844071562411
20190816_10-30-47-864_sgm00053.jpg	2	2	0,6682945344496163
20190816_10-30-47-864_sgm00054.jpg	2	2	0,4071711759804964
20190816_10-30-47-864_sgm00055.jpg	2	0	0,4810528475061831
20190816_10-30-47-864_sgm00057.jpg	2	2	0,9071472151869682
20190816_10-30-47-864_sgm00058.jpg	2	2	0,6022536593039173
20190816_10-30-47-864_sgm00059.jpg	2	2	0,9896073977286411
20190816_10-30-47-864_sgm00060.jpg	2	2	0,514389674346732
20190816_10-30-47-864_sgm00061.jpg	2	0	0,47025962256219717
20190816_11-08-09-342_sgm00096.jpg	2	2	0,5668673950601681
20190816_11-08-09-342_sgm00101.jpg	2	2	0,7792703134432276
20190816_11-08-09-342_sgm00103.jpg	2	1	0,36788748858715214
20190819_10-32-50-611_sgm00111.jpg	2	2	0,5115294423872087
20190819_10-32-50-611_sgm00178.jpg	2	1	0,456544491773844
20190819_10-32-50-611_sgm00181.jpg	2	1	0,5019526054818946
20190819_10-32-50-611_sgm00315.jpg	2	0	0,5007875191038934
20190819_10-32-50-611_sgm00317.jpg	2	1	0,5210857688874174
20190819_10-32-50-611_sgm00447.jpg	2	1	0,6939288396883344
20190819_10-32-50-611_sgm00448.jpg	2	1	0,6193941027472482
20190819_10-32-50-611_sgm00450.jpg	2	1	0,5773236974265522
20190819_10-32-50-611_sgm00475.jpg	2	1	0,5259851280381603
20190819_10-32-50-611_sgm00477.jpg	2	1	0,6161003418526805
20190819_10-32-50-611_sgm00611.jpg	2	1	0,7400717962907745
20190819_10-32-50-611_sgm00622.jpg	2	1	0,7107805592379227
20190819_10-32-50-611_sgm00741.jpg	2	1	0,7156754436345238
20190819_10-32-50-611_sgm00916.jpg	2	1	0,6269221226244691
20190819_10-32-50-611_sgm00981.jpg	2	0	0,47204484793932844
20190819_10-32-50-611_sgm00982.jpg	2	1	0,48156587985527877
20190819_10-32-50-611_sgm01000.jpg	2	0	0,4802912084762888
20190819_10-32-50-611_sgm01009.jpg	2	1	0,5951906096713534
20190819_10-32-50-611_sgm01010.jpg	2	1	0,4682023302871954
20190819_10-32-50-611_sgm01025.jpg	2	2	0,4945044763433064
20190819_10-32-50-611_sgm01026.jpg	2	1	0,5217658171242361
20190819_10-32-50-611_sgm01151.jpg	2	1	0,585936386538047
20190819_10-32-50-611_sgm01152.jpg	2	1	0,6729359795419859
20190819_10-32-50-611_sgm01154.jpg	2	1	0,5684436608177035
20190819_10-32-50-611_sgm01156.jpg	2	0	0,5482766547232552
20190819_10-32-50-611_sgm01157.jpg	2	0	0,5764989007461688
20190819_10-32-50-611_sgm01158.jpg	2	1	0,647668781901777
20190819_10-32-50-611_sgm01169.jpg	2	1	0,5531248744558667
20190819_10-32-50-611_sgm01171.jpg	2	0	0,35765964873047423
20190819_10-32-50-611_sgm01173.jpg	2	1	0,43887592282330873
20190819_10-32-50-611_sgm01174.jpg	2	1	0,4870419619508043
20190819_10-32-50-611_sgm01175.jpg	2	1	0,567301465760561
20190819_10-32-50-611_sgm01178.jpg	2	1	0,4863042891918801
20190819_10-32-50-611_sgm01229.jpg	2	2	0,8332948837502355
20190819_10-32-50-611_sgm01233.jpg	2	2	0,7854981340900853
20190819_10-32-50-611_sgm01234.jpg	2	2	0,6269428245448793
20190819_10-32-50-611_sgm01268.jpg	2	2	0,49373289905956363
20190819_10-32-50-611_sgm01279.jpg	2	2	0,5732275048145462
20190819_10-32-50-611_sgm01284.jpg	2	2	0,6349149894261461
20190819_10-32-50-611_sgm01285.jpg	2	2	0,5245794055905086
20190819_10-32-50-611_sgm01286.jpg	2	2	0,5912460577118375
20190819_10-32-50-611_sgm01287.jpg	2	2	0,5682468411620913
20190819_10-32-50-611_sgm01400.jpg	2	2	0,4686297261115209
20190819_10-32-50-611_sgm01404.jpg	2	2	0,6187161471078229
20190819_10-32-50-611_sgm01407.jpg	2	0	0,42994874733698357
20190819_11-15-57-991_sgm00058.jpg	2	2	0,7383199470389857
20190819_11-15-57-991_sgm00075.jpg	2	2	0,5410637469313259
20190819_11-15-57-991_sgm00090.jpg	2	0	0,4106742636486556
20190819_11-15-57-991_sgm00098.jpg	2	2	0,49489986143160114
20190819_11-15-57-991_sgm00123.jpg	2	2	0,7196885744327649
20190819_11-15-57-991_sgm00127.jpg	2	2	0,6812190829162202
20190819_11-15-57-991_sgm00139.jpg	2	2	0,5690944296580933
20190819_11-15-57-991_sgm00143.jpg	2	2	0,8025973579007658
20190819_11-15-57-991_sgm00146.jpg	2	1	0,3643371433644682
20190819_11-15-57-991_sgm00147.jpg	2	2	0,6598550457470312
20190819_11-15-57-991_sgm00148.jpg	2	2	0,6407865057827865
20190819_11-15-57-991_sgm00179.jpg	2	2	0,7486597265154972
20190819_11-15-57-991_sgm00180.jpg	2	2	0,7592874663336503
20190819_11-15-57-991_sgm00181.jpg	2	2	0,7926863413260056
20190819_11-15-57-991_sgm00182.jpg	2	2	0,8849398884582862
20190819_11-15-57-991_sgm00183.jpg	2	2	0,5008485347125459
20190819_11-15-57-991_sgm00188.jpg	2	2	0,9333972309191013
20190819_11-15-57-991_sgm00199.jpg	2	2	0,8879512757917473
20190819_11-15-57-991_sgm00200.jpg	2	0	0,3867242007909388
20190819_11-15-57-991_sgm00206.jpg	2	2	0,9068761477740497
20190819_11-15-57-991_sgm00207.jpg	2	2	0,8516272824575003
20190819_11-15-57-991_sgm00208.jpg	2	0	0,37633702802397806
20190819_11-15-57-991_sgm00212.jpg	2	0	0,5654931514569206
20190819_12-00-05-082_sgm00279.jpg	2	0	0,42621750185978935
20190819_12-00-05-082_sgm00280.jpg	2	1	0,3685160152397547
20190819_12-00-05-082_sgm00281.jpg	2	2	0,588388420277347
20190819_12-00-05-082_sgm00287.jpg	2	1	0,40621170532420964
20190819_12-00-05-082_sgm00288.jpg	2	1	0,4647767211587552
20190819_12-00-05-082_sgm00534.jpg	2	1	0,7098367040030014
20190819_12-00-05-082_sgm00555.jpg	2	1	0,6183089597111966
20190819_12-00-05-082_sgm00745.jpg	2	1	0,4666082654309758
20190819_12-00-05-082_sgm00835.jpg	2	1	0,6506025793666397
20190819_12-00-05-082_sgm00893.jpg	2	1	0,47487619687402677
20190819_12-00-05-082_sgm01274.jpg	2	2	0,45269359396398356
20190819_12-00-05-082_sgm01276.jpg	2	2	0,5976693652316968
20190819_12-00-05-082_sgm01277.jpg	2	0	0,37171679806769187
20190819_12-00-05-082_sgm01278.jpg	2	0	0,36428663501714165
20190819_12-26-11-227_sgm00085.jpg	2	2	0,6535252227385763
20190819_12-26-11-227_sgm00086.jpg	2	2	0,7600186064977043
20190819_12-26-11-227_sgm00088.jpg	2	2	0,9691146563260378
20190819_12-26-11-227_sgm00089.jpg	2	2	0,780572563420767
20190819_12-26-11-227_sgm00091.jpg	2	2	0,9691448852819708
20190819_12-26-11-227_sgm00093.jpg	2	2	0,8241638195728426
20190819_12-50-08-839_sgm00062.jpg	2	2	0,6359748394749584
20190819_12-50-08-839_sgm00064.jpg	2	2	0,6244224152397773
20190819_12-50-08-839_sgm00347.jpg	2	2	0,7760579927030087
20190819_12-50-08-839_sgm00348.jpg	2	2	0,6402874874479916
20190819_12-50-08-839_sgm00352.jpg	2	2	0,6793250959217879
20190819_12-50-08-839_sgm00353.jpg	2	2	0,6025206135045348
20190819_12-50-08-839_sgm00399.jpg	2	1	0,5353203266674698
20190819_12-50-08-839_sgm00494.jpg	2	2	0,9613147015809284
20190819_12-50-08-839_sgm00500.jpg	2	2	0,7620317556916215
20190819_12-50-08-839_sgm00501.jpg	2	2	0,7378946730176579
20190819_12-50-08-839_sgm00554.jpg	2	2	0,9516646568553636
20190819_12-50-08-839_sgm00555.jpg	2	2	0,9761108716777844
20190819_12-50-08-839_sgm00556.jpg	2	2	0,9576025599801082
20190819_12-50-08-839_sgm00557.jpg	2	2	0,986903302341824
20190819_12-50-08-839_sgm00558.jpg	2	2	0,9719953991670174
20190819_12-50-08-839_sgm00559.jpg	2	2	0,9269575507618983
20190819_12-50-08-839_sgm00560.jpg	2	2	0,8953112491930203
20190819_12-50-08-839_sgm00561.jpg	2	2	0,9629516635260895
20190819_12-50-08-839_sgm00562.jpg	2	2	0,9640814886203664
20190819_12-50-08-839_sgm00563.jpg	2	2	0,9792411952487339
20190819_12-50-08-839_sgm00584.jpg	2	2	0,9803198808173766
20190819_12-50-08-839_sgm00585.jpg	2	2	0,986426795786466
20190819_12-50-08-839_sgm00586.jpg	2	2	0,9840205610212537
20190819_12-50-08-839_sgm00587.jpg	2	2	0,988111365553854
20190819_12-50-08-839_sgm00588.jpg	2	2	0,9900298430813496
20190819_12-50-08-839_sgm00589.jpg	2	2	0,99300578267817
20190819_12-50-08-839_sgm00590.jpg	2	2	0,9935429129827861
20190819_12-50-08-839_sgm00591.jpg	2	2	0,9827959894321022
20190819_12-50-08-839_sgm00592.jpg	2	2	0,9833813791221044
20190819_12-50-08-839_sgm00593.jpg	2	2	0,8244067243763065
20190819_12-50-08-839_sgm00604.jpg	2	2	0,97938741995867
20190819_12-50-08-839_sgm00605.jpg	2	2	0,9891993117004144
20190819_12-50-08-839_sgm00606.jpg	2	2	0,9752108853090027
20190819_12-50-08-839_sgm00607.jpg	2	2	0,980667245276081
20190819_12-50-08-839_sgm00608.jpg	2	2	0,9907056622426951
20190819_12-50-08-839_sgm00609.jpg	2	2	0,990918069931616
20190819_12-50-08-839_sgm00610.jpg	2	2	0,9859063686547381
20190819_12-50-08-839_sgm00611.jpg	2	2	0,9495617533779873
20190819_12-50-08-839_sgm00612.jpg	2	2	0,9882847034808844
20190819_12-50-08-839_sgm00613.jpg	2	2	0,993666604414882
20190819_12-50-08-839_sgm00664.jpg	2	2	0,9885494254474166
20190819_12-50-08-839_sgm00665.jpg	2	2	0,9883067098529206
20190819_12-50-08-839_sgm00666.jpg	2	2	0,9870759843309017
20190819_12-50-08-839_sgm00667.jpg	2	2	0,987054612997915
20190819_12-50-08-839_sgm00668.jpg	2	2	0,9622384332440791
20190819_12-50-08-839_sgm00669.jpg	2	2	0,9929450144330149
20190819_12-50-08-839_sgm00670.jpg	2	2	0,9964398980790646
20190819_12-50-08-839_sgm00671.jpg	2	2	0,9939976985854467
20190819_12-50-08-839_sgm00672.jpg	2	2	0,9944554944519076
20190819_12-50-08-839_sgm00673.jpg	2	2	0,9909823365986937
20190819_12-50-08-839_sgm00705.jpg	2	2	0,41164616412188115
20190819_12-50-08-839_sgm00709.jpg	2	1	0,45257666630190385
20190819_12-50-08-839_sgm00739.jpg	2	2	0,9596187432596136
20190819_12-50-08-839_sgm00747.jpg	2	2	0,6163861821839396
20190819_12-50-08-839_sgm00764.jpg	2	1	0,5221259510889363
20190819_12-50-08-839_sgm00766.jpg	2	1	0,4745882825745901
20190819_12-50-08-839_sgm00772.jpg	2	1	0,5184624932882292
20190819_12-50-08-839_sgm00776.jpg	2	2	0,4931195138807054
20190819_12-50-08-839_sgm00778.jpg	2	2	0,6807637009183237
20190819_12-50-08-839_sgm00780.jpg	2	1	0,6196435022862234
20190819_12-50-08-839_sgm00899.jpg	2	2	0,4024666600336382
20190819_12-50-08-839_sgm00900.jpg	2	1	0,3904430344274045
20190819_12-50-08-839_sgm00919.jpg	2	1	0,6674432187172386
20190819_12-50-08-839_sgm00921.jpg	2	1	0,5256604929796231
20190819_12-50-08-839_sgm00943.jpg	2	1	0,5168823750629146
20190819_12-50-08-839_sgm01261.jpg	2	1	0,6881820896780094
20190819_12-50-08-839_sgm01269.jpg	2	1	0,6861877976672431
20190819_12-50-08-839_sgm01362.jpg	2	1	0,5140001637799084
20190819_13-39-58-707_sgm00010.jpg	2	2	0,6041181278993263
20190819_13-39-58-707_sgm00014.jpg	2	0	0,7549570626030021
20190819_13-39-58-707_sgm00016.jpg	2	0	0,4606992885509286
20190819_13-39-58-707_sgm00018.jpg	2	2	0,7159371744099858
20190819_13-39-58-707_sgm00084.jpg	2	2	0,5621393095519176
20190819_13-39-58-707_sgm00085.jpg	2	2	0,4094068384711392
20190819_13-39-58-707_sgm00099.jpg	2	0	0,5198739793283551
20190819_13-39-58-707_sgm00101.jpg	2	2	0,7195175867273413
20190819_13-39-58-707_sgm00102.jpg	2	2	0,8174444871834265
20190819_13-39-58-707_sgm00103.jpg	2	2	0,42919239351927174
20190819_13-39-58-707_sgm00104.jpg	2	2	0,7198631640598839
20190819_13-39-58-707_sgm00106.jpg	2	2	0,9249499598634056
20190819_13-39-58-707_sgm00107.jpg	2	2	0,9016875028726843
20190819_13-48-34-589_sgm00019.jpg	2	2	0,8988555459382737
20190819_13-48-34-589_sgm00021.jpg	2	2	0,8486752179340774
20190819_10-32-50-611_sgm00913.jpg	1	0	0,3924237131007307
20190819_10-32-50-611_sgm00914.jpg	1	1	0,37670820444833947
20190819_10-32-50-611_sgm00915.jpg	1	0	0,3774308234634538
20190819_10-32-50-611_sgm00917.jpg	1	0	0,3970463557531277
20190819_10-32-50-611_sgm00978.jpg	1	0	0,45120477097760764
20190819_10-32-50-611_sgm00979.jpg	1	2	0,4108226032021951
20190819_10-32-50-611_sgm00980.jpg	1	1	0,4256943118222567
20190819_10-32-50-611_sgm00983.jpg	1	1	0,6448233874078628
20190819_10-32-50-611_sgm00985.jpg	1	1	0,5698497671794219
20190819_10-32-50-611_sgm00986.jpg	1	1	0,519120057391424
20190819_10-32-50-611_sgm00998.jpg	1	0	0,5258114399623105
20190819_10-32-50-611_sgm00999.jpg	1	0	0,7845621883443951
20190819_10-32-50-611_sgm01001.jpg	1	2	0,345477601220342
20190819_10-32-50-611_sgm01002.jpg	1	2	0,8317076963216123
20190819_10-32-50-611_sgm01004.jpg	1	2	0,6513414270726365
20190819_10-32-50-611_sgm01006.jpg	1	2	0,7999832898648042
20190819_10-32-50-611_sgm01007.jpg	1	2	0,45614864473990085
20190819_10-32-50-611_sgm01008.jpg	1	2	0,7369532906103726
20190819_10-32-50-611_sgm01011.jpg	1	0	0,6127376790645984
20190819_10-32-50-611_sgm01012.jpg	1	2	0,9310180899183543
20190819_10-32-50-611_sgm01013.jpg	1	2	0,6690544906840706
20190819_10-32-50-611_sgm01015.jpg	1	2	0,7237755008501998
20190819_10-32-50-611_sgm01018.jpg	1	0	0,4876754008903145
20190819_10-32-50-611_sgm01020.jpg	1	0	0,4171032535851511
20190819_10-32-50-611_sgm01021.jpg	1	2	0,7322936282101733
20190819_10-32-50-611_sgm01022.jpg	1	2	0,8060131851747958
20190819_10-32-50-611_sgm01023.jpg	1	2	0,9152245797960713
20190819_10-32-50-611_sgm01024.jpg	1	2	0,702508696552357
20190819_10-32-50-611_sgm01027.jpg	1	0	0,4095510097078694
20190819_10-32-50-611_sgm01079.jpg	1	2	0,7384341328029562
20190819_10-32-50-611_sgm01080.jpg	1	0	0,678237854112527
20190819_10-32-50-611_sgm01081.jpg	1	0	0,5013521972248447
